PRAGMA foreign_keys=OFF;
BEGIN TRANSACTION;
CREATE TABLE locations (id INTEGER PRIMARY KEY AUTOINCREMENT, name TEXT, room TEXT);
INSERT INTO locations VALUES(1,'bear','bedroom');
CREATE TABLE items (id INTEGER PRIMARY KEY AUTOINCREMENT, location_id INTEGER, name TEXT, category TEXT, quantity FLOAT, notes TEXT);
INSERT INTO items VALUES(1,NULL,'teddy','plushie',NULL,NULL);
INSERT INTO items VALUES(2,NULL,'pen','stationery',22.0,NULL);
INSERT INTO items VALUES(3,NULL,'a','b','v','d');
INSERT INTO items VALUES(4,NULL,'testA','A',12.0,'n');
INSERT INTO items VALUES(5,NULL,'testB','B',3.0,'n');
INSERT INTO items VALUES(6,NULL,'testB','B',3.0,'n');
INSERT INTO items VALUES(7,NULL,'testB','B',3.0,'n');
INSERT INTO items VALUES(8,NULL,'testB','B',3.0,'n');
INSERT INTO items VALUES(9,NULL,'new item','soft',2.0,'ahhh');
INSERT INTO items VALUES(10,NULL,'','','','');
INSERT INTO items VALUES(11,NULL,'','','','');
INSERT INTO items VALUES(12,NULL,'','','','');
INSERT INTO items VALUES(13,NULL,'','','','');
INSERT INTO items VALUES(14,NULL,'','','','');
INSERT INTO items VALUES(15,NULL,'','','','');
CREATE TABLE recipes (
    recipe_id INTEGER PRIMARY KEY AUTOINCREMENT,
    recipe_name TEXT,
    cuisine TEXT,
    serving_size INTEGER,
    prep_time INTEGER,
    cook_time INTEGER,
    total_time INTEGER,
    instructions TEXT,
    additional_notes TEXT,
    img_str_file TEXT
, deleted boolean default false, recipe_search_id INTEGER, favorite BOOLEAN DEFAULT FALSE, url TEXT, video_tips TEXT);
INSERT INTO recipes VALUES(1,'a','b',2,4,5,45,'instr','addi',NULL,1,2,0,NULL,NULL);
INSERT INTO recipes VALUES(2,'a','b',2,4,5,9,'instr','addi',NULL,1,3,0,NULL,NULL);
INSERT INTO recipes VALUES(3,'Thai Tea Crinkle Cookies','Dessert',12,10,8,18,replace(replace('Using a fine mesh strainer, sift together flour, baking powder, salt, and cardamom into a small bowl.\r\n\r\nIn a large bowl, whisk together egg, vanilla, sugar, and instant Thai tea powder. Slowly pour in melted butter and whisk until fully combined.\r\n\r\nStir flour mixture into wet ingredients, mixing until combined. Turn dough out onto a clean work surface and shape into a round disk. Tightly wrap disk in plastic wrap. Refrigerate until chilled and firm, at least 1 hour and up to 12 hours.\r\n\r\n\r\nPreheat oven to 350°F and line a baking sheet with parchment paper. Remove dough disks from refrigerator. Using a 1-inch (about 3/4-ounce) cookie scoop, scoop dough evenly into balls (about 1 1/2 tablespoons each). Roll each portion into a ball between your palms. Place powdered sugar in a medium bowl. Roll dough balls in sugar until well coated. Arrange dough balls about 2 1/2 inches apart on prepared baking sheet.\r\n\r\nBake cookies until tops are crackled and the cookies have flattened slightly, 11 to 12 minutes. Remove from oven. Let cookies cool on baking sheets for 5 minutes, then transfer to a wire rack to cool completely.','\r',char(13)),'\n',char(10)),replace(replace('Makes 12 cookies.\r\nDough can be stored in an airtight container and refrigerated overnight before baking.\r\n\r\nIf using an unsweetened powdered Thai tea, add 1 tablespoon granulated sugar to dough.\r\n\r\n','\r',char(13)),'\n',char(10)),'Thai-Cookies.jpeg',0,4,1,'https://www.foodandwine.com/thai-tea-crinkle-cookies-7091081',NULL);
INSERT INTO recipes VALUES(4,'Chia Pudding','Breakfast',3,5,2,7,replace(replace('1. In a bowl or mason jar, stir together chia seeds, milk, maple syrup and vanilla, if using. If you’re using a mason jar, you can put the lid on and shake the mixture to combine everything.\r\n2. Once the chia pudding mixture is well combined, let it sit for 5 minutes, give it another stir/shake to break up any clumps of chia seeds, cover and put the mixture in the fridge to “set" for 1-2 hours or overnight. The chia pudding should be nice and thick, not liquidy. If it''s not thick enough, just add more chia seeds (about 1 Tablespoon), stir and refrigerate for another 30 minutes or so.\r\n','\r',char(13)),'\n',char(10)),'Chia pudding can be stored for up to 5-7 days in an airtight container in the refrigerator.','chia.jpeg',1,5,0,NULL,NULL);
INSERT INTO recipes VALUES(5,'Overnight Oats','Breakfast',2,5,0,5,replace(replace('Add oats and chia seeds in a bowl. \r\n\r\nPour milk in bowl and mix.\r\n\r\nMix in greek yogurt. Add additional milk/water to reduce thickness as needed\r\n\r\nStore in fridge overnight.','\r',char(13)),'\n',char(10)),'Add dried fruit and honey for more flavor and sweetness','Overnight-Oats-16.jpg',0,6,0,'https://feelgoodfoodie.net/recipe/overnight-oats/#wprm-recipe-container-8144',NULL);
INSERT INTO recipes VALUES(6,'Mixed Berry Smoothie','Beverage',3,7,5,12,replace(replace('1. Combine ingredients to a blender in the following order: Yogurt, Banana, Frozen Berries, Orange Juice.\r\n\r\n2. Blend ingredients on medium speed. Add water as needed. Hot water helps if mixture is too chunky. \r\n','\r',char(13)),'\n',char(10)),replace(replace('It might take a few rounds before all of the ingredients get blended together. \r\nUsing frozen ingredients allow for a chunkier end result.\r\n\r\nOther add-ins: nut butter, maple syrup, cocoa powder, nuts, etc.','\r',char(13)),'\n',char(10)),'smoothie.jpeg',0,7,0,'',NULL);
INSERT INTO recipes VALUES(7,'PBJ','American, Lunch',1,5,0,5,replace(replace('1. Spread peanut butter on one slice of bread.\r\n2. Spread jelly on the other slice of bread.\r\n3. Sandwich the bread slices together. Slice in half as preferred.','\r',char(13)),'\n',char(10)),'Feel free to sub in an alt nut butter.','pbj.jpeg',1,8,0,NULL,NULL);
INSERT INTO recipes VALUES(8,'Scrambled Eggs','Breakfast',1,3,5,8,replace(replace('1. Crack eggs into bowl. \r\n2. Whisk eggs with chopsticks.\r\n3. Heat pan to medium.\r\n4. Pour egg mixture into pan.\r\n5. Mix eggs until ready.....\r\n','\r',char(13)),'\n',char(10)),'add scallions if available','scrambled_eggs.jpeg',1,9,0,NULL,NULL);
INSERT INTO recipes VALUES(9,'Lo Mein Noodles','Asian','',2,4,6,'aa','aaa','noodles.jpeg',1,10,0,NULL,NULL);
INSERT INTO recipes VALUES(10,'Pancakes','Breakfast',1,1,1,2,'sdfsdff','sfsf','pancakes.jpeg',1,11,0,NULL,NULL);
INSERT INTO recipes VALUES(11,'Soymilk','Beverage',12,10,60,70,replace(replace('Quick Soaking Method: \r\nPlace 1 cup (190g) dried soybeans and 3 cups (750ml) cold water in the pressure cooker. Close lid and pressure cook at High Pressure for 0 minute + 30 minutes Natural Release.\r\n\r\nMake Soy Milk:\r\nBlend Soybeans: Discard soaking water and rinse soybeans under cold water. If desired, remove the soybeans’ skin by gently rubbing the beans together. Blend soybeans in a blender with 2 cups (500ml) of cold water until smooth.\r\n\r\nPressure Cook Soybeans: Place steamer basket in Instant Pot. Add a pinch of salt and 4 cups (1L) cold or hot water in pressure cooker. Add in blended soybean mixture. Close lid and pressure cook at High Pressure for 5 minutes + 25 minutes Natural Release (after 25 minutes, turn Venting Knob to Venting Position to release remaining pressure). Open the lid carefully.\r\n\r\nStrain & Enjoy: Remove the steamer basket of okara. Sweeten soy milk with sugar if desired. The soy milk is ready for consuming. For ultra-smooth soy milk, strain the soy milk with cheesecloth, two stacked mesh strainers, or nut bag.','\r',char(13)),'\n',char(10)),replace(replace('Storage Tip: Homemade soy milk can keep in the fridge for 3 days.\r\nCleaning Tip: Best to wash the steamer basket and strainers as soon as possible because the okara will rinse right off when they are still moist.','\r',char(13)),'\n',char(10)),'soymilk.jpeg',0,12,0,'https://www.pressurecookrecipes.com/instant-pot-soy-milk/',NULL);
INSERT INTO recipes VALUES(12,'Birria Tacos','Mexican',2,35,60,95,replace(replace('Start by removing the stems and seeds of ancho and guajilo chilies, as well as chilies de arbol. \r\n\r\nSeason all the meat generously with salt. In a large oiled pot heated over medium heat, add the meat in batches and sear 2-3 minutes on all sides. Once seared, take out the meat and leave on the side. \r\n\r\nAdd a bit more oil to the pot back on medium heat and add chopped onions. Saute until just softened. \r\n\r\nOnce softened, add tomato paste and cook down until paste starts to darken. \r\n\r\nAt which point, add sliced garlic and saute until fragrant and add rich beef stock. Mix together and add in chilies. \r\n\r\nAdd the meat back in. \r\n\r\nSeparately in cheesecloth, add black pepper corns, toasted coriander, cinnamon stick, and bay leaves. Fold together and tie tightly. \r\n\r\nToss the spice bag mixture into the stock and bring to a light simmer and cover. Braise for 1 hour stirring occasionally.\r\n\r\nAfter 1 hour, remove the chilies and place into a blender with a little of stock liquid and blend until smooth.\r\n\r\nPour back into the stew and bring back to a simmer. Cover and braise for 90 minutes. \r\n\r\nRemove the meat (and any bones) and shred using a fork. \r\n\r\nSeason the rest of the broth with salt and place to the side. \r\n\r\n\r\nAssembly Method:\r\n\r\nTake a fresh tortilla and dunk in the broth completely. \r\n\r\nPlace tortilla in a cast iron skillet set over medium heat. \r\n\r\nTop with shredded cheese (preferably oaxaca cheese) and cook until just melted. \r\n\r\nOn one side add the braised shredded meat with a drizzle of consomme. \r\n\r\nFold the taco over cooking for 1-2 minutes. Flip and cook for another 1-2 minutes.\r\n\r\nServe with a ramekin filled with consomme topped with diced onions and chopped cilantro.','\r',char(13)),'\n',char(10)),replace(replace('Add salt to taste.\r\n\r\nServe with some finely diced onion and fresh cilantro','\r',char(13)),'\n',char(10)),'birria.jpeg',0,13,1,'https://www.joshuaweissman.com/post/birria-quesa-tacos',NULL);
INSERT INTO recipes VALUES(13,'Boiled Eggs','Breakfast',1,1,8,9,replace(replace('1. Boil the Eggs for 9 minutes\r\n','\r',char(13)),'\n',char(10)),'Eggs','boiled-eggs.jpeg',1,1,0,NULL,NULL);
INSERT INTO recipes VALUES(14,'Apple Pie','American',6,50,40,90,'make apple pie','eat pie','applepie.jpeg',1,14,0,NULL,NULL);
INSERT INTO recipes VALUES(15,'Vegan Chocolate Crinkle Cookies','Dessert',18,20,10,30,replace(replace('Preheat the oven to 350 degrees F. Line two baking sheets with parchment paper.\r\n\r\nIn a large bowl, add the sugar and canola oil. Stir with a wooden spoon until well combined and smooth. Add the ground flax seeds, non-dairy milk and vanilla, and mix well to combine.\r\n\r\nSift in the flour, cocoa powder, baking powder and salt using either a sifter or fine mesh strainer. Stir until combined with the wet ingredients and a soft dough is formed. \r\n\r\nPlace the powdered sugar in a small mixing bowl. Scoop out a heaping tablespoon of dough at a time, and shape into a ball. Roll the ball in the powdered sugar very generously, covering all sides. The more powdered sugar, the prettier the cookies will be.\r\n\r\nPlace the balls onto the prepared baking sheet, about 2 inches apart so they have room to spread.\r\nBake for 10-12 minutes until set. They will appear slightly undercooked and soft, but will firm up as they cool.\r\n\r\nCool on the baking sheet for at least 10 minutes, then transfer to a wire rack. Store any extra cookies in an airtight container for 4-5 days. Enjoy!','\r',char(13)),'\n',char(10)),replace(replace('You can substitute coconut oil for canola oil.\r\nUse any kind of non-dairy milk you like, such as soy, almond, cashew, or coconut milk.\r\nIf the dough is hard to work with, stick it in the fridge for 30 minutes or so, then try again. You can also wet your hands a little bit so the dough sticks less.','\r',char(13)),'\n',char(10)),'vegan-crinkle.jpeg',0,15,1,'https://www.noracooks.com/vegan-chocolate-crinkle-cookies/',NULL);
INSERT INTO recipes VALUES(16,'Tzatziki','Mediterranean',10,10,0,10,replace(replace('Mince garlic.\r\nChop fresh dill.\r\nSqueeze half a lemon. \r\n\r\nGrate the cucumber and squeeze out excess water. \r\n\r\nIn a mixing bowl, combine the grated cucumber, yogurt, mayo, garlic, salt, dill, and lemon juice. Stir until well mixed.\r\n','\r',char(13)),'\n',char(10)),'Use plain greek yogurt.','tzatziki.jpeg',0,16,0,'https://www.youtube.com/watch?v=GegV8ggmzbw',NULL);
INSERT INTO recipes VALUES(17,'Chicken Tinga','Mexican',4,20,60,80,replace(replace('Add the following ingredients into a Crock-Pot / slow-cooker:\r\n• skinless chicken thigh (consider bone-in!)\r\n• canned chipotle peppers\r\n• 14.5-ounce can of fire-roasted tomatoes\r\n• garlic cloves\r\n• chopped onion\r\n• tsp kosher salt\r\n• black pepper\r\n• tsp cumin \r\n• tsp Mexican oregano\r\n\r\nLet it braise on low for ~6 hours or high for ~3 hours\r\n(If using an instant pot, you can cook this under pressure for as little as 15 minutes! And if you''ve got one of the really fancy ones, you can even sear the chicken and onions in the pot before braising)\r\n\r\nRemove the chicken to cool. Set the Crock Pot to high. Use an immersion blender to turn the braising liquid into a smooth sauce. Shred the chicken with your hands and return it to the bubbling sauce. quesadillas, or enchiladas.\r\n','\r',char(13)),'\n',char(10)),replace(replace('Optional Spices: \r\n• chili powder\r\n• a whole bay leaf\r\n• smoked paprika\r\n\r\nServe chicken as part of nachos, tacos, tostadas, ','\r',char(13)),'\n',char(10)),'chickentinga.jpeg',0,17,0,'https://www.youtube.com/watch?app=desktop&v=DqTsb9N3cqY',NULL);
INSERT INTO recipes VALUES(18,'Mexican Rice','Mexican',6,10,30,40,replace(replace('Brown rice with oil in heavy cast iron pan- stir evenly, then add sauce, add spices (toast) then warm chicken broth. \r\n\r\nCover with lid. Once broth in, don’t stir and keep lid on at least 10mins.','\r',char(13)),'\n',char(10)),'','mexican_rice.jpeg',0,18,0,'https://www.youtube.com/watch?v=7kSiLTnKw0I',NULL);
INSERT INTO recipes VALUES(19,'Pita Bread','Mediterranean',6,60,30,90,replace(replace('Have milk at room temperature and finely chop thyme leaves.\r\n\r\nCombine the sugar, yeast, water, and milk in a bowl. Set the bowl aside for 5 minutes, until the mixture starts to froth.\r\n\r\nIn another bowl, combine the flour, the salt and the chopped fresh thyme leaves and give it a mix to combine.\r\nAdd the oil to the yeast mixture and stir to combine.\r\n\r\nAdd the yeast mixture to the flour mixture in batches. Make sure each batch is incorporated before adding the next.\r\n\r\nTransfer mixture to a lightly floured working surface. Knead for 4-5 minutes until the dough becomes smooth.\r\n\r\nBrush a bowl with some oil and add the dough.\r\n\r\nCover with a towel and let it rest for about 40 minutes, until it rises and doubles in size.\r\n\r\nPlace a pan over medium heat.\r\nPress on the dough to remove the air and cut into 6 equal sized pieces.\r\n\r\nPlace pieces of dough on a lightly oiled working surface. Use a rolling pin to roll out each piece of dough to a circle 20 cm in diameter.\r\n\r\nCook the pita bread for 1-2 minutes on each side in the pan, until they puff up slightly.\r\n\r\nTransfer to a plate and serve with chicken or pork gyro, sausages or vegetables. Sprinkle with chopped thyme.','\r',char(13)),'\n',char(10)),'','pita.jpeg',0,19,0,'https://akispetretzikis.com/en/recipe/1990/pites-gia-soyvlaki',NULL);
INSERT INTO recipes VALUES(20,'Tonkotsu Ramen','Japanese',4,120,60,180,replace(replace('PORK BROTH \r\n5lb/2 1/4kg pork neck bones \r\nPiece of pork trotter\r\nPiece of pork fat back or pork belly \r\nWater \r\n\r\nAdd pork parts to large stock pot, cover with water,  bring to a boil then drain water from pork & rinse bones. Add rinsed bones to pressure cooker & top with 5000g/5L water. Cook, high pressure for 80 mins. \r\n\r\nReturn broth & bones to large stock pot & bring to boil for 30 min until broth has taken on an opaque quality & has reduced by 25-30%. Strain out solids. \r\n\r\nTARE\r\n30g (~1c) Kombu\r\n30g (2 1/2c) bonito flake\r\n30g (about 2c) salted, dried anchovies\r\n30g (about 2c) dried shitake\r\n500g (1 3/4c)  light soy sauce \r\n5g (1 1/4t)  sugar\r\n1500g/mL water\r\n\r\nCombine ingredients, bring to simmer. Off heat, cover, & steep for 1 hour. Strain out solids. \r\n\r\nPORK CHASHU\r\n3-4lb/1.5kg boneless pork shoulder\r\nCooking twine, optional\r\n3000g/mL water\r\n1 knob ginger, sliced\r\n500g (1 3/4c) soy sauce\r\n\r\nTie pork into a roast shape as shown @2:58. Sear meat on all sides in heavy bottomed pot or dutch oven over med-high heat. When roast has been seared, add water, sliced ginger, & soy sauce. Bring to simmer, reduce heat to low, cover, & continue to cook for 90-100 min. \r\n\r\nWhen finished, texture should be soft, but not shreddable. Allow to cool in liquid then wrap & refrigerate.\r\n\r\nRAMEN NOODLES\r\n450g (3 3/4c) bread flour \r\n5g (1t) coarse salt \r\n8g (1/2T) baked soda (baking soda spread on parchment’d sheet tray, baked 225F/105c, 1 hour)\r\nTiny pinch of egg yellow food coloring \r\n160g (2/3c)  water \r\n\r\nAdd flour, salt, & baked soda to food processor. In separate container, mix food coloring into water. With processor running, stream in yellow water. Dough will be dry & pebbly. Allow ito sit for 30 min to hydrate. Press together into a mass. Cut into 4 strips then link together into 1 long belt. Roll flat & wide into a shape that fits through a pasta roller. I''m using the kitchen aid pasta attachment. \r\n\r\nFeed dough through on the widest setting, fold in half & repeat. Reduce roller thickness, feed pasta through, & repeat several times until the dough turns into a more smooth, pasta looking sheet. Fold dough in half, increase roller thickness, & repeat several more times until you get a smooth sheet on #6 on the roller.\r\n\r\nCut this long sheet into 12”/30cm sheets then drop each through a spaghetti cutter (or hand cut). Measure into four, 5oz portions. Cover & refrigerate until ramen time. \r\n\r\nSOY SAUCE EGGS: \r\n6 eggs\r\n50g (1/4c) water \r\n50g (1/4c)  mirin\r\n50g (3T)soy sauce \r\n\r\nBoil eggs 7 minutes then drain & transfer to ice bath. Once cooled, peel & move to a food storage bag with water, mirin, & soy sauce. Press out air & marinate for 4-24 hours. \r\n\r\nAROMA OIL\r\n75g (1/3c) canola\r\n10g (1/3c) sesame oil\r\n10g (2-3 clove) minced garlic\r\n10g (2t) grated ginger\r\n30g (2T) gochujang \r\n5g (2t) paprika\r\n50g (1/4c) mirin\r\n10g (1 1/2t) honey\r\n\r\nCombine oils, garlic, ginger in sauce pot over med heat until sizzling & fragrant. Stir in gochujang & paprika. cook for 30 sec. Add mirin & honey. Transfer to high sided container & spin with immersion blender until smooth. \r\n\r\n\r\nTO SERVE EACH BOWL: \r\n200g (3/4c) tare\r\n350g (1c) pork broth\r\n1 portion of ramen noodles\r\nMarinated egg\r\nSliced scallions\r\nAroma oil\r\n\r\nAdd tare & broth to sauce pot. Bring to boil. Remove from heat & spin with immersion blender until creamy. Add 2 sliced of pork to heat through. \r\n\r\nAdd noodles to salted boiling water. Cook for 90 sec. \r\n\r\nAdd hot creamy broth to a warm bowl. Add cooked noodles, top with warmed pork, halved egg, scallions, & dab of aroma oil. ','\r',char(13)),'\n',char(10)),'','tonkotsu_ramen.jpeg',0,20,0,'https://www.youtube.com/watch?app=desktop&v=Pln23pOMNlU',NULL);
INSERT INTO recipes VALUES(21,'Hummus','Mediterranean',10,20,30,50,replace(replace('Add the beans to a tall container, add 2qt water, stir, and allow to soak overnight. They should have nearly doubled in size. \r\n\r\nAdd soaked beans and water into a pressure cooker along with baking soda. Cook under high pressure for 90 minutes then allow pressure to release for 20 minutes. Beans should be soft but not disintegrated. Drain off as much cooking liquid as possible then transfer beans to a food processor along with tahini, salt, lemon juice, and citric acid. Process for 3 minutes then stream in olive oil while still spinning. Then add in ice cubes one at a time until hummus reaches desired texture/consistency. \r\n\r\nTaste for seasoning and add extra  lemon juice, salt, and/or olive oil if needed. Spin for a few seconds to combine. \r\n\r\nServe with olive oil, a sprinkle of sumac, and flaky salt. ','\r',char(13)),'\n',char(10)),replace(replace('Use dry garbanzo beans.\r\n\r\nif you prefer garlic in your hummus, use a tiny amount like 3g or the smallest clove you can find. \r\n','\r',char(13)),'\n',char(10)),'hummus.jpeg',0,21,0,'https://www.youtube.com/watch?v=1fiFBTW6vSc',NULL);
INSERT INTO recipes VALUES(22,'New York Pizza','American',4,180,20,200,replace(replace('POOLISH:\r\n50g water\r\npinch yeast\r\n50g ap flour \r\n\r\n1. Combine water, yeast, and flour. 2. Stir to combine. 3. Put mixture in a container with a lid  and let sit at room temp for 18-24 hours. \r\n\r\nDOUGH (with Poolish):\r\n180g warm water\r\nAll of the poolish\r\n5g yeast\r\n10g olive oil \r\n315 ap flour \r\n8 salt \r\n10g sugar \r\n\r\n1. Into a container add warm water, all of the ripe poolish, oil, and 5g yeast and stir to combine. Set aside. 2. Into the bowl of a food processor add flour, salt, and sugar. Slowly stream in wet ingredients. Spin until well combined + 15 seconds. 3. Flip out onto cutting board and give it 30-40 rolls with the palm of your hand for about 60 seconds as shown in video. 4. Tuck into a ball and put in oiled bowl  then wrap with plastic and allow to ferment at room temp for 45 mins.  5. Flip out onto surface and divide into two 300g balls and shape into round balls with seam at the bottom. Be sure to close the seams well. 6. Put the dough balls onto an oiled sheet tray, cover with plastic, and put in fridge to proof for about 24 hours. \r\n\r\nIf you''re making the dough WITHOUT poolish, use the recipe above, but omit the poolish and instead use 50g more flour & 50g more water to the amounts in the recipe above. \r\n\r\n\r\nSAUCE: \r\n28ox can whole san marzano tomatoes\r\n2 cloves garlic, whole, smashed\r\n15g olive oil\r\n15g butter\r\n1g chile flake\r\n1g dried oregano \r\n3 g salt\r\n5 g sugar\r\n\r\n1. Preheat medium saute pan over medium heat. 2. Using immersion blender (or standard blender), blitz can of tomatoes until almost smooth. There should be some texture left to the tomatoes. 3. Peel and smash 2 whole cloves of garlic. 4. To the preheated pan, add olive oil and butter then smashed garlic. Let gently sizzle for about 3 minutes. Be sure to not burn garlic. 5. Add tomatoes and bring to a simmer. 6. Add chile flake and oregano. 7. Cook down sauce to concentrate and reduce by about half (about 25-30min). 8. Once reduced, remove garlic cloves and add salt and sugar to season. 9. Scoop into a bowl and refrigerate.  \r\n\r\n\r\nTOPPINGS:\r\n200g part skim mozzarella\r\n200g full fat mozzarella\r\n6TBSP fresh mozzarella\r\npinch of salt to finish pizza before baking \r\n\r\nGrate part skim and full fat mozzarella on the large holes of a box grater. \r\n\r\nTO ASSEMBLE AND BAKE ONE PIZZA: \r\n1. Allow dough balls to come to room temperature. 2. Preheat oven with pizza stone on the lowest rack of the oven to 550 degrees f/287c (or about as high as your oven temp will go). 3. Flour top of a dough ball and flip onto a floured surface. 4. See video for shaping method. 5. Once dough is shaped into about a 10" round, carefully flip onto the front of a floured pizza peel and 6. spread 200g of pizza sauce onto dough leaving about 1/2" of exposed dough around the edge. 7. Add mozz blend (175-200g total). Shimmy dough on peel to be sure it''s not stuck, then 8. carefully stretch pizza to increase the size to about a 12". 9. Add about 3tbsp of fresh mozzarella 10. and a pinch of salt. 11. Load onto well-preheated pizza stone using pizza peel. Let bake for about 6min at 550 degrees. ','\r',char(13)),'\n',char(10)),replace(replace('Recipe below makes two 12" pizzas \r\n','\r',char(13)),'\n',char(10)),'nypizza.jpeg',0,22,0,'https://www.youtube.com/watch?app=desktop&v=t4t3bqb_91E',NULL);
INSERT INTO recipes VALUES(23,'Honeydew Mango Smoothie','American',4,10,5,15,replace(replace('Blend honeydew chunks and pitted mango.until consistent texture.\r\n\r\nAdd milk and honey, then blend again for about 15-20 seconds. \r\n\r\nAdd ice and blend for texture\r\n','\r',char(13)),'\n',char(10)),'You can sub in yogurt for milk','honeydew.jpeg',0,23,0,'https://www.myrecipemagic.com/honeydew-mango-smoothie-2500943279.html',NULL);
INSERT INTO recipes VALUES(24,'Vegan Vanilla Cake','Dessert',10,20,35,55,replace(replace('Preparation\r\nPreheat the oven to 350 degrees F place the rack in the middle of the oven.\r\nGrease 2 8-inch round cake pans with oil or vegan butter. Place a round of parchment paper on the bottom for easy removal later.\r\nCombine dry ingredients\r\nIn a separate medium sized bowl, whisk together the flour, baking powder and salt. Set aside.\r\n\r\nPrepare vegan buttermilk\r\nCombine the soy milk and apple cider vinegar in a glass measuring cup or small bowl. Stir briefly, then set aside to curdle. This is your buttermilk.\r\nWhip the aquafaba (or use yogurt instead)\r\nIn a small bowl, whisk together the aquafaba and cream of tartar vigorously until foamy, about 2 minutes. You don''t have to whip it into stiff peaks, just get it a bit fluffy and foamy. Set aside.\r\n\r\nFinish the cake batter\r\nCream fats and sugars: In a large bowl using an electric hand mixer (or a stand mixer with a paddle attachment), cream together the softened vegan butter, canola oil and sugar until creamy and well combined, about 3 minutes, scraping the sides as needed.\r\nAdd aquafaba and vanilla: Add the aquafaba mixture to the bowl with the creamed butter/oil/sugar, along with the vanilla extract. Mix until well combined, about 1 minute.\r\nAdd flour and buttermilk: Alternate adding the flour mixture and vegan buttermilk in 3 parts, mixing until just combined each time. The batter should be fairly smooth (a few lumps are okay), but do not over mix.\r\n\r\nBake, cool and frost\r\nPour the cake batter evenly into the prepared pans, and bake for 30-35 minutes, until the edges are golden brown, the surface looks and feels set, and a toothpick comes out mostly clean, with no wet batter. These cakes come out pretty flat, so there is no need to slice off the top like some other recipes.\r\nAllow the cakes to cool in the pans for 15 minutes, then carefully invert them onto a cooling rack. Allow them to cool completely before frosting.\r\nFrost with my Vegan Buttercream Frosting, Vegan Cream Cheese Frosting, Chocolate Frosting or even vegan whipped cream and berries. Add some sprinkles for fun, if desired. Enjoy!','\r',char(13)),'\n',char(10)),replace(replace('Use unsweetened soy milk\r\n\r\nCake flour will make the cake much lighter with a fine crumb, but all purpose works fine if you can’t find cake flour. Or make your own cake flour.\r\nGluten free? Try substituting a quality gluten free all purpose mix. I like Better Batter brand.\r\nSoy milk works best because of the protein and fat content, but you can use another milk if needed. Hemp, oat, cashew or almond all work quite well.\r\nIf you can find it, unsweetened high fat or protein yogurt works well in place of the aquafaba. \r\nFor cupcakes, bake for 20-25 minutes until done and fill liners half full.\r\nFor a 9×13 inch cake, bake for 40-50 minutes, until done. Two 9 inch round pans will work, but the cakes will be thinner. \r\n','\r',char(13)),'\n',char(10)),'vegancake.jpg',0,24,0,'https://www.noracooks.com/vegan-vanilla-cake/',NULL);
INSERT INTO recipes VALUES(25,'test','Breakfast',4,5,6,11,'','','nypizza.jpeg',1,25,0,'',NULL);
CREATE TABLE recipe_to_ingredients (
    recipe_id INTEGER,
    ingredient_id INTEGER,
    quantity FLOAT,
    unit TEXT
);
INSERT INTO recipe_to_ingredients VALUES(14,2,3.0,'lb');
INSERT INTO recipe_to_ingredients VALUES(14,12,4.0,'packs');
INSERT INTO recipe_to_ingredients VALUES(14,13,5.0,'cups');
INSERT INTO recipe_to_ingredients VALUES(14,14,3.0,'oz');
INSERT INTO recipe_to_ingredients VALUES(3,16,1.25,'cups');
INSERT INTO recipe_to_ingredients VALUES(3,17,1.0,'tsp');
INSERT INTO recipe_to_ingredients VALUES(3,18,0.5,'tsp');
INSERT INTO recipe_to_ingredients VALUES(3,19,0.25,'tsp');
INSERT INTO recipe_to_ingredients VALUES(3,20,1.0,'large');
INSERT INTO recipe_to_ingredients VALUES(3,21,1.0,'tsp');
INSERT INTO recipe_to_ingredients VALUES(3,22,0.5,'cup');
INSERT INTO recipe_to_ingredients VALUES(3,23,1.0,'pack');
INSERT INTO recipe_to_ingredients VALUES(3,24,0.25,'cup');
INSERT INTO recipe_to_ingredients VALUES(3,25,1.0,'cup');
INSERT INTO recipe_to_ingredients VALUES(15,22,200.0,'g');
INSERT INTO recipe_to_ingredients VALUES(15,28,79.0,'ml');
INSERT INTO recipe_to_ingredients VALUES(15,29,1.0,'tbsp');
INSERT INTO recipe_to_ingredients VALUES(15,30,79.0,'ml');
INSERT INTO recipe_to_ingredients VALUES(15,21,1.0,'tsp');
INSERT INTO recipe_to_ingredients VALUES(15,16,156.0,'g');
INSERT INTO recipe_to_ingredients VALUES(15,33,43.0,'g');
INSERT INTO recipe_to_ingredients VALUES(15,34,1.0,'tsp');
INSERT INTO recipe_to_ingredients VALUES(15,18,0.25,'tsp');
INSERT INTO recipe_to_ingredients VALUES(15,25,237.0,'g');
INSERT INTO recipe_to_ingredients VALUES(11,37,190.0,'g');
INSERT INTO recipe_to_ingredients VALUES(11,38,1500.0,'ml');
INSERT INTO recipe_to_ingredients VALUES(11,18,1.0,'pinch');
INSERT INTO recipe_to_ingredients VALUES(12,40,1.0,'lb');
INSERT INTO recipe_to_ingredients VALUES(12,41,3.0,'');
INSERT INTO recipe_to_ingredients VALUES(12,42,5.0,'lb');
INSERT INTO recipe_to_ingredients VALUES(12,43,5.0,'');
INSERT INTO recipe_to_ingredients VALUES(12,44,5.0,'');
INSERT INTO recipe_to_ingredients VALUES(12,45,2.0,'');
INSERT INTO recipe_to_ingredients VALUES(12,46,1.0,'');
INSERT INTO recipe_to_ingredients VALUES(12,47,6.0,'');
INSERT INTO recipe_to_ingredients VALUES(12,48,5.0,'g');
INSERT INTO recipe_to_ingredients VALUES(12,49,8.0,'g');
INSERT INTO recipe_to_ingredients VALUES(12,50,2.0,'tbsp');
INSERT INTO recipe_to_ingredients VALUES(12,51,12.0,'g');
INSERT INTO recipe_to_ingredients VALUES(12,52,1.0,'');
INSERT INTO recipe_to_ingredients VALUES(12,53,8.0,'cloves');
INSERT INTO recipe_to_ingredients VALUES(5,54,1.0,'cup');
INSERT INTO recipe_to_ingredients VALUES(5,55,3.0,'tbsp');
INSERT INTO recipe_to_ingredients VALUES(5,56,0.5,'cup');
INSERT INTO recipe_to_ingredients VALUES(5,57,0.5,'cup');
INSERT INTO recipe_to_ingredients VALUES(6,58,1.0,'cup');
INSERT INTO recipe_to_ingredients VALUES(6,59,1.0,'');
INSERT INTO recipe_to_ingredients VALUES(6,60,1.0,'cup');
INSERT INTO recipe_to_ingredients VALUES(6,61,1.5,'cups');
INSERT INTO recipe_to_ingredients VALUES(6,62,1.0,'cup');
INSERT INTO recipe_to_ingredients VALUES(16,63,160.0,'g');
INSERT INTO recipe_to_ingredients VALUES(16,54,200.0,'g');
INSERT INTO recipe_to_ingredients VALUES(16,64,75.0,'g');
INSERT INTO recipe_to_ingredients VALUES(16,53,1.0,'clove');
INSERT INTO recipe_to_ingredients VALUES(16,18,5.0,'g');
INSERT INTO recipe_to_ingredients VALUES(16,65,5.0,'g');
INSERT INTO recipe_to_ingredients VALUES(16,66,17.0,'g');
INSERT INTO recipe_to_ingredients VALUES(17,67,2.0,'lb');
INSERT INTO recipe_to_ingredients VALUES(17,68,4.0,'');
INSERT INTO recipe_to_ingredients VALUES(17,69,1.0,'can');
INSERT INTO recipe_to_ingredients VALUES(17,53,3.0,'cloves');
INSERT INTO recipe_to_ingredients VALUES(17,71,1.0,'');
INSERT INTO recipe_to_ingredients VALUES(17,72,3.0,'tsp');
INSERT INTO recipe_to_ingredients VALUES(17,73,1.0,'tsp');
INSERT INTO recipe_to_ingredients VALUES(17,74,1.0,'tsp');
INSERT INTO recipe_to_ingredients VALUES(17,75,1.0,'tsp');
INSERT INTO recipe_to_ingredients VALUES(18,76,1.0,'tbsp');
INSERT INTO recipe_to_ingredients VALUES(18,77,0.75,'cup');
INSERT INTO recipe_to_ingredients VALUES(18,78,1.0,'tsp');
INSERT INTO recipe_to_ingredients VALUES(18,79,1.0,'tsp');
INSERT INTO recipe_to_ingredients VALUES(18,75,1.0,'pinch');
INSERT INTO recipe_to_ingredients VALUES(18,74,0.5,'tsp');
INSERT INTO recipe_to_ingredients VALUES(18,80,1.0,'tbsp');
INSERT INTO recipe_to_ingredients VALUES(18,18,1.0,'tsp');
INSERT INTO recipe_to_ingredients VALUES(18,81,0.3300000000000000155,'cup');
INSERT INTO recipe_to_ingredients VALUES(18,82,2.0,'cups');
INSERT INTO recipe_to_ingredients VALUES(19,83,160.0,'ml');
INSERT INTO recipe_to_ingredients VALUES(19,38,80.0,'ml');
INSERT INTO recipe_to_ingredients VALUES(19,22,1.0,'tsp');
INSERT INTO recipe_to_ingredients VALUES(19,84,2.0,'tbsp');
INSERT INTO recipe_to_ingredients VALUES(19,85,2.0,'tsp');
INSERT INTO recipe_to_ingredients VALUES(19,86,320.0,'g');
INSERT INTO recipe_to_ingredients VALUES(19,87,1.0,'tsp');
INSERT INTO recipe_to_ingredients VALUES(19,88,1.0,'tsp');
INSERT INTO recipe_to_ingredients VALUES(20,89,200.0,'g');
INSERT INTO recipe_to_ingredients VALUES(20,90,350.0,'g');
INSERT INTO recipe_to_ingredients VALUES(20,91,1.0,'pack');
INSERT INTO recipe_to_ingredients VALUES(20,20,1.0,'marinated');
INSERT INTO recipe_to_ingredients VALUES(20,93,1.0,'');
INSERT INTO recipe_to_ingredients VALUES(20,94,1.0,'');
INSERT INTO recipe_to_ingredients VALUES(21,95,1.0,'450');
INSERT INTO recipe_to_ingredients VALUES(21,38,1.0,'kg');
INSERT INTO recipe_to_ingredients VALUES(21,96,8.0,'g');
INSERT INTO recipe_to_ingredients VALUES(21,97,300.0,'g');
INSERT INTO recipe_to_ingredients VALUES(21,18,20.0,'g');
INSERT INTO recipe_to_ingredients VALUES(21,66,60.0,'g');
INSERT INTO recipe_to_ingredients VALUES(21,98,5.0,'g');
INSERT INTO recipe_to_ingredients VALUES(21,84,50.0,'g');
INSERT INTO recipe_to_ingredients VALUES(21,99,7.0,'');
INSERT INTO recipe_to_ingredients VALUES(22,38,180.0,'g');
INSERT INTO recipe_to_ingredients VALUES(22,85,5.0,'g');
INSERT INTO recipe_to_ingredients VALUES(22,84,10.0,'g');
INSERT INTO recipe_to_ingredients VALUES(22,16,315.0,'g');
INSERT INTO recipe_to_ingredients VALUES(22,18,8.0,'g');
INSERT INTO recipe_to_ingredients VALUES(22,13,10.0,'g');
INSERT INTO recipe_to_ingredients VALUES(23,100,0.5,'');
INSERT INTO recipe_to_ingredients VALUES(23,101,1.0,'');
INSERT INTO recipe_to_ingredients VALUES(23,102,2.0,'cups');
INSERT INTO recipe_to_ingredients VALUES(23,57,0.5,'cup');
INSERT INTO recipe_to_ingredients VALUES(23,103,1.0,'tsp');
INSERT INTO recipe_to_ingredients VALUES(24,104,375.0,'g');
INSERT INTO recipe_to_ingredients VALUES(24,34,12.0,'g');
INSERT INTO recipe_to_ingredients VALUES(24,18,3.0,'g');
INSERT INTO recipe_to_ingredients VALUES(24,105,296.0,'ml');
INSERT INTO recipe_to_ingredients VALUES(24,106,10.0,'ml');
INSERT INTO recipe_to_ingredients VALUES(24,107,118.0,'g');
INSERT INTO recipe_to_ingredients VALUES(24,108,0.25,'tsp');
INSERT INTO recipe_to_ingredients VALUES(24,109,113.0,'g');
INSERT INTO recipe_to_ingredients VALUES(24,28,118.0,'ml');
INSERT INTO recipe_to_ingredients VALUES(24,13,300.0,'g');
INSERT INTO recipe_to_ingredients VALUES(24,21,15.0,'ml');
INSERT INTO recipe_to_ingredients VALUES(25,18,10.0,'tsp');
INSERT INTO recipe_to_ingredients VALUES(25,22,1.0,'tbsp');
INSERT INTO recipe_to_ingredients VALUES(25,53,3.0,'cloves');
CREATE TABLE migration_log (id INTEGER PRIMARY KEY, version INTEGER, created_at TEXT );
INSERT INTO migration_log VALUES(1,1,NULL);
INSERT INTO migration_log VALUES(2,2,NULL);
INSERT INTO migration_log VALUES(3,2,'2024-09-20T02:12:49.790458+00:00');
INSERT INTO migration_log VALUES(4,3,'2024-09-20T02:12:49.791157+00:00');
INSERT INTO migration_log VALUES(5,4,'2024-09-20T02:12:49.791462+00:00');
INSERT INTO migration_log VALUES(6,4,'2024-09-20T02:12:51.966719+00:00');
INSERT INTO migration_log VALUES(7,4,'2024-09-20T02:12:57.156603+00:00');
INSERT INTO migration_log VALUES(8,5,'2024-09-20T02:13:10.523705+00:00');
INSERT INTO migration_log VALUES(9,6,'2024-09-20T03:01:40.457855+00:00');
INSERT INTO migration_log VALUES(10,7,'2024-09-26T02:49:23.805578+00:00');
INSERT INTO migration_log VALUES(11,8,'2024-09-26T02:54:01.712877+00:00');
INSERT INTO migration_log VALUES(12,9,'2024-09-27T00:40:05.802824+00:00');
INSERT INTO migration_log VALUES(13,10,'2024-10-05T20:27:25.482824+00:00');
INSERT INTO migration_log VALUES(14,11,'2024-10-06T19:59:05.743077+00:00');
INSERT INTO migration_log VALUES(15,12,'2024-10-07T23:32:57.514736+00:00');
PRAGMA writable_schema=ON;
INSERT INTO sqlite_schema(type,name,tbl_name,rootpage,sql)VALUES('table','recipe_search','recipe_search',0,'CREATE VIRTUAL TABLE recipe_search USING FTS5(recipe_name, instructions, additional_notes, cuisine)');
CREATE TABLE IF NOT EXISTS 'recipe_search_data'(id INTEGER PRIMARY KEY, block BLOB);
INSERT INTO recipe_search_data VALUES(1,X'1125981e827f11');
INSERT INTO recipe_search_data VALUES(10,X'00000000020a4600070101010201010301010401010501010601010701010003100102120102130103');
INSERT INTO recipe_search_data VALUES(137438953473,X'00000bcc023031180801018155020133180601027302013518080101824301013218080101146202013018060102660201351806010267010133180a010181333302013018080101820c02013518080101820d0301301806010107010234301806010278010235301806010279010138180601011501013918080102720e0101611824010120121d1c20120b06542c3001020f1b4b0204626f7574180a01017341240202646418100101813a061b81120403696e6718080101815c02026c6c180a0102131b2204026f77180a0101823a1503046d6f6e64180601024b03036f6e6718080101814b03077465726e61746518080101815b02016e180801018117030164182a01013b0d281c0c1d060f1f09200d11054c01023c3103056f746865721806010243020470706c651806010147020771756166616261181201015f0e520701026102027265180a010181751f0201731808010181380303696465180a01013e1a35020974746163686d656e74180801018122010462616b6518120101817c10010264140403696e67180601013903047474657218140101810d62182401023202016518100101816f010281080305636175736518060102380304666f72651808010182520305727269657318080101826603027374180601023703047474657218060102310202697418080101810402056f74746f6d18060101270302776c180e0101341f183031020472616e64180601023303056965666c79180601015303036f776e180801018214020275741812010181770102122f470403746572180c01011e810c220705637265616d18080101825807046d696c6b180e0101411d81000a010463616b65181a04010118767801020607130855050173181201018227170102810603016e180a0102192a1304036f6c611808010181290307726566756c6c7918080101824603047368657718060102490205686565736518080101825c03076f636f6c61746518080101825e020469646572180601014802046c65616e18080101822102066f6d62696e65180801012c18080164180c01018131241804016518080101822805017318080101821e0407706c6574656c7918080101825103056e74656e74180601023e03026f6c180c0101817d43140503696e6718080101824b02047265616d181001016d2317813a0b0602656418080101814706017918080101812e0303756d62180601021102027570180601014e040563616b65731806010263030472646c65180601015801076465677265657318060101080305736972656418080101826d040473657274180601030202016f18080101817803016e1806010177040165180801026a1402027279180601012d01046561636818080101816a03027379180601012902046467657318080101821102076c65637472696318080101811802046e6a6f7918080101826e020376656e18080101826105026c79180801018204020678747261637418080101814f010166180601010902056169726c79180801018170030174180801023d1c04017318080101810f020465656c731808010182190301771808010181730203696c6c180601026c03026e64180801021b3a040165180801021008040369736818080101810a02036c617418080101822b03036f75721816010138812208010207180803047566667918080101810502046f616d79180801017217030172181a0101288165392a010262050d09020372656518080102250803036f7374180a0101817f570603696e67180e010182530806040203756c6c180601026f03016e18080101826b010367657418080101810102046c617373180601014c03047574656e18080102240802056f6c64656e180801018213020572656173651806010113010468616c66180601026e03026e641808010181190302766518060101790203656d70180601024702036967681806010256010169180601022f02016618120101826c010217300d02016e181801010d241d1c30535e01025d03026368180e0101160102740d03096772656469656e7473180601012e0305737465616418060101630302746f180a01017d810a030476657274180801018247020173180a01015a8156020174180e01017c0801025401046a757374180a010181006a01056c617267651808010181140303746572180601012b0206696768746572180601020d03026b65180e0101823601023003046e657273180601026d02046f6f6b731808010182170204756d707318080101817401046d616b6518080102091802086561737572696e67180601014d03046469756d180601013202056964646c65180601010f03026c6b1810010145010205321103046e7574651808010181560701731814010175415c38010268140301781810010181502d01022e04026572180a0101811a060403696e67180801018166040474757265180a010181412002056f73746c791808010182200203756368180601020c02017918080101825601046e65656418080101823005026564180e0101813901024602016f180a010182230e03017418080101817901036f617418060102480201661812010110144e010239280301661808010182330202696c180c01011b81112102036b617918080101817602016e18060101250302746f180801018249020172181a01011c35133d814701021e2e1002047468657218080101823802027574180a0101821f0c020376656e18080101050f04017218080101817a0202776e18060102210106706164646c6518080101812103026e73181401011981713b010281010303706572180601012403077263686d656e74180601012304027473180801018165020465616b73180601017f02046c616365180e01010a1701025e02036f7572180801018200030477646572180601013a0206726568656174180601010304087061726174696f6e1806010102070165180601013f080164180801018207040374747918080101822a03056f7465696e180801023b2002067572706f736518080102141b01077175616c69747918060102290303697465180601024e01047261636b180a01010c8242020665636970657318080101823903056d6f76616c180601012a02046f756e6418100101170c01028100010473616c74180601013c020763726170696e671808010181350207657061726174651806010131030174180e01013d1a3581140205686f756c6418080101816e02046964657318080101813703037a6564180601013302046c69636518080101823202046d616c6c18080101501803046f6f746818080101817102016f18080101822c03066674656e656418080101812603026d65180a0101823733030179180e0101440102043202087072696e6b6c6573180801018269020474616e6418080101811d0303696666180601017e0401721806010152020b7562737469747574696e6718060102270303676172180a0101812c2006017318080101811103057266616365180801018216010174180c01017801021a02056172746172180601016f02026865184201010409050517130e1d0e231c130b060509121117070c0721090701020a32282704016d180a010182480804016e180a01015481730402726518080101822d040273651808010182260305696e6e657218080102810904017318060101590203696d6518080101816b02016f181201010653254a710e140306676574686572180a010136353d03076f74687069636b18080101821d0301701808010182350202727918060102260202776f180601027d010b756e7377656574656e6564180801020354030374696c18160101713e26182a0102691402027365180e010161010202420303696e67180801018116010776616e696c6c61180c030101813d1302046567616e18140201011d25693c78050a020969676f726f75736c79180601017003056e656761721806010149010477656c6c1812010181302401024f0f0301741808010182240203686970180801015d2005037065641808010182630402736b1808010135350203696c6c180a0102087c0703027468181801011a81072809583501020e02036f726b180801024d38050173180a01021523270106796f67757274180c01016201025a03017518100101760102182a13040172180c01015b010220040908090908080a09090809090809170d0e0b0b0b0b0b0f091a0c0b140b090c11110a120d0c0c0d090b0a0c0d0b0c0b0f0d0d0f150e0a0b0f0b0d0f0b0c0e0b09090f0c0c0b100a090a090c0b0e0d0b090809090c090c0f0c0b0a0e080d09090c090a0a090b0b120c0c120b0c0e0a090b0b0c0d0c0b0a090a0a080e110d100c0b0c0a0c0d0d0a0d0d0b0c0c0c0f0b0c0e0c0f0d0b0b0d0d0a090c0d0a090a0e090c0b080a120c0b0b09090e100a0e0a0b0f0b0b0d0f08090b0d0e0e0a0d0e0c100b0f0e0c0d0c0a0c0c0c090e0b0c100c0a08120c090d0b0c270a0a0a0a0d080b0e0f0f09090913120d0b1112100c11090b0b0a0c120b0a100d');
INSERT INTO recipe_search_data VALUES(274877906945,X'00000668023031041501014f1d10032301021a02013104090101812e020132040f0101545e010203010132040b01017a2104010133040701016d020235300407010159010134040701016e01013504090101813c01016104190101030f062609200e1a0b390204626f7574040b01016c0d23020264640407010219020769727469676874040701020b02016e040901020a0c030164041b01010d110c1811080c4f01020d02047061727404090101811d02027265040901018126030572616e6765040901018115020174040701014d010462616b650409010181220403696e67041301010a56441b01021103026c6c040901018102050173040b0101761b0a02016504070102070304666f726504070102100305747765656e04090101810302036f776c040b0101120678020575747465720407010125010363616e040701020603067264616d6f6d040701010e020668696c6c6564040701014a02046c65616e040701013902056f6174656404090101811403066d62696e6564040901012a0b0407706c6574656c7904090101814603076e7461696e6572040701020c03046f6b6965040701017007017304150501018123090e01020404016c040b010181371002077261636b6c65640409010181270305696e6b6c650403040107646573736572740407010302020369736b040901014105050173040701016502046f756768041701013531111d0a0102051c010465616368040901017c04020267670407010119020576656e6c790407010174010166040701015a0203696e6504070101040302726d040701014c02086c617474656e656404090101812c03036f757204090101092502026f7204090101813b0203726f6d04090101664f0204756c6c790407010129010a6772616e756c61746564040701021c01046861766504090101812b02036f75720407010150050173040701015501026966040701021202016e04150101131224460901020903026368040701016b0502657304090101811c03096772656469656e7473040701013003057374616e74040701011d0302746f040f01010f2112390d01056c617267650407010115020465617374040701014e0301740409010181350203696e65040701015c01056d616b657304070102020205656469756d04090101810b03046c74656404070101240302736804070101050206696e75746573040b010181310e030478696e670407010131040474757265040701012d01026f6e040b0101811e1c0302746f04070101370204756e6365040701016f0301740407010136020376656e04090101575f0406726e69676874040701020f010570616c6d730409010181050303706572040701016203077263686d656e74040701016102046c616365040901018106040473746963040701014602066f7274696f6e040701017f030275720407010122030477646572040901010b1707026564040f01018107010216020672656865617404070101560405706172656404090101811f01047261636b040901018143020a6566726967657261746504070101480c0164040701020e0b026f72040701016703046d6f766504090101635102036f6c6c040901017d120303756e640407010140010473616c74040701010c0204636f6f70040901017103020468617065040701013d0303656574040901015f4406017304090101813a0203696674040701010702076c696768746c7904090101812d03046f776c79040701012102046d616c6c04070101110203746972040701012b03046f726564040701020803067261696e65720407010106020475676172041101011b6f0b01021d03057266616365040701013b010a7461626c6573706f6f6e040701021b0b0173040701017b02026561040f0301011f0102180203686169040f0201011e01021703016504090101812904016e04090101813e0206696768746c79040701014202016f04150101530759130601021e030667657468657204090101081203027073040901018125020772616e7366657204090101813f020375726e0407010134010b756e7377656574656e65640407010215030374696c040f0101280c194b140201700407010152020473696e67040f01010268010213010776616e696c6c61040701011a010477656c6c040901018113030174040701012f02046869736b040901011712020369726504090101814203027468040701016002036f726b040701013a02037261700409010143060104796f7572040901018104040f090c0a08090809110d090e09120c0a0d080c100a0a080b0d0c0c0a0d0d0b0d0e0f0e0b0f0a0f0a0e0b08130c090c080a09100b0a0b0b110c0a08090f090a100c0d0c0b090a0c0d0b090f0b0b0b090b080b0d0d0a0e0c0b0d090c0d0d0d0c1108090c0b0a0b0c0b0b090a0f0b0b0a0b0d100c11080d0e09090d0f0e0a0f0a120e080f0e0c080c0b090a0b');
INSERT INTO recipe_search_data VALUES(412316860417,X'0000001d0a30627265616b6661737419060103020104746573741902020410');
INSERT INTO recipe_search_data VALUES(549755813889,X'0000001d0a30627265616b6661737419070103020104746573741903020410');
INSERT INTO recipe_search_data VALUES(687194767361,X'0000001d0a30627265616b6661737419070103020104746573741903020410');
INSERT INTO recipe_search_data VALUES(824633720833,X'0000001d0a30627265616b6661737419070103020104746573741903020410');
INSERT INTO recipe_search_data VALUES(962072674305,X'000000190a30627265616b6661737419010104746573741901040d');
INSERT INTO recipe_search_data VALUES(2199023255553,X'00000ec50230310106010102031501014f1d10032301021a010a0101024f1d0206010102010601010201060101020201300f0a010181141d02013104090101812e020132040f0101545e0102030b0801018115010132040b01017a210401080101282a0206010112010601010b0106010107060801018109010133040701016d0406010114010601010c02013005060101710202353004070101590b06010106010134040701016e050601011106080101814001013504090101813c010c01013501020a0406010117060801018141010137050601020b010139010601010701016102020201020201190101030f062609200e1a0b39010801010416020e0101060102071208160101110d25100c0808074e0201610a060101020301610a060102020204626f7574040b01016c0d2301060101690a080101810802026464040701021901060101650206010118020601020206080101141204016902060102020106010202050674696f6e616c070601020202046761696e0706010120020769727469676874040701020b010601020f0a080101813d02026c6c070601020b080601017404026f770706010215030174080601020802076d65726963616e06060103020206010302060701030202016e040901020a0c010601020e030601020707080101813c030164041b01010d110c1811080c4f01020d010e010110132617150a140101170d0c040f131b3b03056f74686572050801013939030179050601013f0a080101813802047061727404090101811d0b080101810b0304706561720f080101811b04026c650e090201010302027265040901018126030572616e6765040901018115020173070601011a010601011d070801018124030369616e0a06010302020174040701014d0b080101624d02087661696c61626c650906010205010162020601030201060103020203616b650409010181220b08010181120403696e67041301010a56441b0102110b0c01010b304f2603026c6c0409010181020b0801016905050173040b0101761b0a0b080101810203046e616e61070601010d0201650407010207010c0101580102050a0601017f0304666f72650407010210030601020a03057272696573070601010f0305747765656e040901018103020569727269610d020202046c656e640706010113060265640706010210070172070601010702036f696c0106010103050265640102020302776c040b010112067801060101050406010106060801011349020472656164080a01010a0b0605016b050601013d0604666173740106010302040601030204060103020206010302020275740f080101812004037465720407010125040c01010501020a010363616e0407010206010c01011c0102040a0601020304036f6c610f0c01011801020803067264616d6f6d040701010e020368696105160201010b2219151401020204046c6c6564040701014a03076f636f6c6174650f0303040770737469636b73090601010b0306756e6b696572070601021802046c65616e04070101390304756d7073050601014002056f617465640409010181140303636f610f0601013705036e75740f0601020503056d62696e65050601012602060101030806010132080164040901012a0b01060101300a08010121280407706c6574656c7904090101814603076e7461696e6572040701020c01060102100a080101813e03046f6b6965040701017007017304150501018123090e0102040b0b0501017d3f04016c040b01018137100b0a0101812603030376657205060101440603696e670f0601017302047261636b090601010306036c65640409010181270305696e6b6c650403040b0304010564616972790f0601012a03027973050601020c0a080101814202066567726565730f060101070305737365727404070103020b07010302020369736b040901014105050173040701016502046f756768041701013531111d0a0102051c0b0801014f14020472696e6b0c060103020601730706010302010465616368040901017c040301740e070102020202676704070101190506010113040173010e03010105010202080c030101040712020569746865720f0601013e02026e64070601021903036a6f790f080101814303046f7567680506010163020576656e6c790407010174040772797468696e6705060101270204787472610f0801018139010166040701015a0b06010108020365656c080601020203017707060102080203696e6504070101040b060101420302726d040701014c0b080101812202086c617474656e656404090101812c0401780f0601012703036f75720409010109250b0601013602086f6c6c6f77696e67070601010a030172010601010603090101813b01100101341c2301020702060102160812010181131b1501020704036d65640f0601015102037265650806010203030469646765050601014b03026f6d04090101664f04037a656e070c01010e01021302067364667364660c06010102030266730c060102020204756c6c790407010129010a67656e65726f75736c790f06010172030174070601020f02036976650506010137020972616e756c61746564040701021c03046f756e640f06010126010468616c66080601011c0302766504090101812b0b080101810e0206656170696e670f0601015e040174090601010d03036c7073070601011e02026f74070601011c03027572040701015005017304070101550106010151010269660407010212010a010112044c040601020402016e04150101131224460901020901100101034801020d060206010108010c01011b010206070e0101102624195003026368040701016b0502657304090101811c0b080101810a03096772656469656e7473040701013003100101041201020e08080601014b03057374616e74040701011d050172020601010201060101020302746f040f01010f2112390d0508010105120606010167020173050601012e0a06010150020174050a0101320829020601020401036a61720508010108140204656c6c79080601010d020475696365070601011103027374050601016401056c6172676504070101150b06010112020465617374040701014e0b080101812e030174040901018135010601013102026964050601011f03026e65040701015c0b0601010903057175696479050601015d02016f0a02020204756e6368080601030301046d616b650e0701010205017304070102020303706c65050601010e0303736f6e0508010107140205656469756d04090101810b030601011602060101100302696e0a020303046c74656404070101240302736804070101050b060101430305786963616e0d06010302020469676874070601020503026c6b050601010d0a0601012b03056e757465730106010108030b010181310e01080101363e0a0a010181161c0301780906010118060601012f0403696e6704070101310b06010159040474757265040701012d010a0101240b1d040601011402036f726505060101660a0601017701066e6565646564070601011b0203696365050601015902026f6e0f0601012903056f646c65730a0204030174050801015c0704026573070601020302027574080601020901036f617406060101030401730603030201660506010141020601020c01080101090b07060101600202696c0f0e0101190102060502016e040b0101811e1c0106010120020601011501080101060a07080101812803026365050601012903016508060101070302746f04070101370b0801018103020172050a0101064e230a060101410304616e676507060101100303646572070601010b02047468657208060101100204756e6365040701016f03017404070101360b0601015c020376656e04090101575f0b060101040406726e69676874040701020f0106010153010302010570616c6d7304090101810503016e090801010e0a040563616b65730b0202030370657204070101620b0601010f03077263686d656e7404070101610b0601010e0202626a080202020565616e75740806010104020269650e0f0301010401020302046c6163650409010181060b0801015230040473746963040701014602066f7274696f6e040701017f0302757204070101220506010112030477646572040901010b170b080101380407026564040f010181070102160b0a0101541d0b02087265666572726564080601011e04046865617404070101560b060101020405706172656404090101811f0b0801018105040473656e740d06010202040574746965720f0601017b0206756464696e6705100301012c2c010203030174050801011d2b01047261636b0409010181430b080101813602016505060101160303616479090601011b03096672696765726174650407010148010601016e0c0164040701020e0b026f720407010167010601021303046d6f7665040901016351030473756c74070601021a02036f6c6c040901017d120b0601016a03026f6d0f080101810f0303756e640407010140060173070601020901017305060101600203616c74040701010c0b0601013c03066e64776963680806010115020863616c6c696f6e73090601020303036f6f700409010171030b0601015b030772616d626c656409020202026466060d0101020102020404736466660b06010102020465656473050a01010c39270a06010128030174050601014d0a080101811802036673660b06010202020468616b6505080101221b04027065040701013d0b060101660303656574040901015f440b0a010181072606017304090101813a0b0601010c03046f756c6405060101570204696465730f060101750302667404070101070b06010133050265720f06010140030174050601013302046c696365080a0101080b0b060173080601011804056768746c7904090101812d0b080101811c03046f776c79040701012102046d616c6c04070101110b0601015803046f6f74680f06010123070369657307020202016f05060101740a080101810c030266740f0801014e530305796d696c6b0c0202020470656564070601011703036f6f6e0f0601011e03047265616408080101030b0708010181110203746972040701012b010a01010933340a0801011a2d03036f72650f08010181370601640407010208010601020603067261696e657204070101060b06010144042a0a09122512080e131c0808330808181e0d0d0b190e09081819270d0e120c0a0a0d130a0e0f0d111810100b15100c0d0a0b09080a071b0d081a0a12170d0d120b0c0e0d0b0b0d0a0a16140f190b16110a0a0b0b0d0c0f0d110b08190b080c080e140c090b0b0c0e0c0d0a080f0f1008100f280a0a0b0a0d0d090b11080a100b0b100d080a09090d152f09101f0c0d180d0f0b0b0b0911110e090e0c060b0b080a0b17070b0e0c0b0e200d0f170f0d0a090a0909090a06180d2009080f0f0b0a0b0b0d10150d090a0f13070c0d120b0d0e12140f10130b0c120912080a15080e0c0b100a0a08080f0d0f100c0c0b120e0a0c0e120e0b0b0e09080d08130b100b080e0a0a0b0a12170b0d');
INSERT INTO recipe_search_data VALUES(2199023255554,X'000002e9043073756208060102050407737469747574650f060102040303676172041101011b6f0b01021d0b0c010116411d0b03057266616365040701013b020479727570050601010f010a7461626c6573706f6f6e040701021b010601016b0a0601015f0b0173040701017b03026b65070601020602026561040f0301011f0102180203686169040f0201011e0102170301650106010104030901018129011601011e07091f050c010212020c01010901020d010801010f090720010103141212160c1a050a060407052704016e04090101813e0b08010181310401790f0c0101810d0e0e030369636b050801015b090206696768746c79040701014203026d650f0601016402016f04150101530759130601021e0110010125191201020902060101050106010204010601010f060c0101052e61250306676574686572040901010812010601010a0206010211010601011903027073040901018125020772616e7366657204090101813f0b0801018132030179070601011f020375726e04070101340202776f0f0601010a010b756e646572636f6f6b65640f080101811d03097377656574656e65640407010215030374696c040f0101280c194b14050601011a060a01011f29530201700407010152010c01013e0102080a0801018123020473696e67040f010102680102130108010113060206010212080601013d010776616e696c6c61040701011a01060101110a0601012d02046567616e0f0302030272790f06010171010577617465720708010119060203656c6c040901018113010601012f0a0801012012030174040701012f0b0601014a02046869736b04090101171205060101080203696c6c0f0a01017e1e09030272650409010181420b0801018135030274680407010160050601010a060a01010d102f02056f6f64656e0f0601011d0302726b040701013a020372617004090101430601037965730d0601010202056f67757274070601010c0301750508010115080a06010202040172040901018104040a0e170c0b1b08090d0e3b0f0b0b0d09301d0a15080a0913101a161f1809090d160d110c10150c090b0a0c0e');
INSERT INTO recipe_search_data VALUES(2473901162497,X'00000eb20230300c0601011e010131010104010207010102010101010306010106010e0101811c07750a0201300f0b010181141d0201320f090101811502033930670c0601010802016c0c0601015d01013205010207010112010101010306010144010c01012b816c0a0209010181090201350c080101750701013308010101030c01010c01020d010601012c020130050107060101200307010229020235300f070101060101340901030601015b030901018140010135050104010306010173030901018141020430306d6c0c060101460101370501020435306d6c0c0601010e01013901010201300d080101814401016105010107010108010f01010601020512050801014117011a01011c235a16051413140e1f19021d0101110d25100c0808074e0102360201610a010301610a010204626f757405010a0901018108020264640501010f01010214010202010d01011801021a020103080101551201200101241a0f0b100a09050a810c01020202090101141204076974696f6e616c060701011501010204667465720c0601017901080101812002046761696e0701080701022f02076972746967687405010a090101813d02026c6c070701020906080101151c020701017404026f77070701021303046d6f6e640f070102160302736f0f07010232030174080102076d65726963616e06010201040601030202016e0501030107090101813c030363686f0d0601010a030164050101110101040c01020507061401010b0e173014010217013a010107062010130f10060916070d08100d0b090a050f0d1a1e1401020c02150101170d0c040f131b3b03056f74686572050108080101821b030179050108080101814a020f0101813801020b0204706172740f090101810b0304706561720f090101811b020472626f6c0d060101130301650c06010226020173060701011b010701011a0101040801021904010801010e04020f01018124010214030369616e0a01030673656d626c790d080101815e0201740c0801011a57010601015d02090101624d02087661696c61626c65090101046261636b0d0c0101443343080301670c080101813101080101810d03026b650f09010181120403696e670f0d01010b304f2603026c6c0f09010169050501730f090101810203046e616e61070701010d0304736b65740c0e01015140010216030574636865730d060101280301790d080101810302016505010a0701017f0303616e730c0601013c030563617573650c0601021d030265660d0601016a0304666f7265070701020803057272696573070701010f050179070303030273740c0601021103067665726167650707010302020569727269610d03020301740d0601013e020701023802046c61636b0d0601017b0303656e64070701011305080101271901080101813206026564070701020e05060101670701720707010107050601014201080101812a02036f696c010105026564010103036e65730d080101814b0302776c05010109010109060301060901011349020572616973650d0a0101811a2a0701640d08010182060303656164080105016b0501060466617374010104010107010302030102010303696e670d0a010181132a03036f74680d0a0101815614020275740f09010181200403746572070701021d01010201790c060101380106010103010363616e0501070601020703090102033004036f6c610f0d0101180102080307726566756c6c790c08010181090304736865770f070102170401740d080101816e020568656573650d0a01018178050705636c6f74680c080101812a0106010179030269610501010701010504046c6965730d0c01010d06623603076f636f6c6174650f03030404707065640d0a01014a81630506737469636b7309010306756e6b696572070701021606017907070101230207696c616e74726f0d0e0101822c01020e03066e6e616d6f6e0d080101810002076c65616e696e670c0601020f03036f73650c08010115570304756d7073050102046f636f610707010220080701013705036e75740f090102051603026c640c0c01010f231a1803056d62696e6505010207010103080701013208016405010a09010121280407706c6574656c790d080101816903066e736f6d6d650d0a0101820d1a0505756d696e670c080101811f04067461696e657205010a090101813e03026f6b0c0a0101193623010c01015681291e050265720c080101145205036965730f0b0501017d3f06026e670d080101821204016c0f0b010181260303077269616e6465720d0601017f04026e730d0601017d03037665720501080a01018119290603696e670f0701017302047261636b09010305696e6b6c650f0304020275700c060101070401730c0a01010d3a19010564616972790f0d01012a01020f0304726b656e0d0601015c030279730501070601020e0309010181420201650d06010112030567726565730f07010107030573697265640c08010133670404736572740f070103020204696365640d0e0101822801020a030573636172640c0601012902046f7567680f1101014f1401021d200302776e0d060101570204726965640607010203060601010904026e6b0c01060173070104047a7a6c650d080101820b0203756e6b0d08010181650103656767090104017301010801020569746865720f0701013e02026e64070701021703036a6f790c080101810b03090101814303046f75676805010202746307070102230209766572797468696e6705010204787472610f09010181390101660f07010108020365656c080103017707070102060205696c6c65640d080101822303026e650f0701014205026c790d060102090302726d0f090101812202056c61766f7206070102090401780f07010127030269700d080101821703036f75720f0701013602036f6c640d0c01018105810b04066c6f77696e67070701010a0301720101040101070102070107010214051201011d572e0401020c010e0101811b2a52090215010181131b150102072304016b0d080101815004036d65640f07010151020772616772616e740d06010166030265650801040273680d0e0101816201020d0304696467650501010701011f060601020b030701022703046f7a656e070d01010e0102110303756974060701020402067364667364660c01030266730c0101066761726c69630d060101620209656e65726f75736c790d0601011802070101720403746c790c06010139030174070701020d0203697665050102047265656b060701011203046f756e640f07010126020675616a696c6f0d0601010c010468616c66080103036e64730f07010235030272640f0701021f030276650f090101810e0206656170696e670f0701015e0401740901040c01012326812f050265640d0601012003036c7073070701011e02036967680c0801011b5702076f6d656d6164650c0601020403036e65790607010206030174070701011c0506010160030275720d0a0101811d070501730501010269660501020701011f0201030801013267030701021b02016e0501010d01010707070f01070101080101041401011131141206010209011201011b0e4b080470080215010110262419500102250304636865730f090101810a03096772656469656e747307110101041201020c08080701014b030173070701021b040474616e740c060101530302746f0901040c0101810f1b1102070101670203726f6e0d080101816f0201730501020701012105080101811c030d01015001021e02017405010207010202080701022401036a617205010204656c6c7908010204756963650707010111030273740501080a01014e813301046b6565700c060102080203696e640f0701020c02036e6f620c0601017e01056c617267650d0601011d02070101120204656173740f090101812e040276650d060101380601730d0801018104030273730f0701023d0301740501020269640501070a010116571f03036768740d080101811603026b650f0701021203026e650f070101090304717569640d08010181300701790501030474746c650d080101812d020701023702016f0a010204756e6368080101046d616b650c060101240303706c650501020701021e0303736f6e050102036561740d10010117111240564203046469756d07070101160201040c01012226812f0302696e0a0103046c7465640d0801018200030273680c080101812d0307010143030474686f640c0601010401080101815f0305786963616e0d07010302020469676874070701020303026c6b0501010901010b0d061401012670090b06010206030f01012b0102100c03046e7574650c0601011f07017301010401070c010121550407010e01012d811a530a0211010181161c01022a030178060901010f030301040601016c020701012f040265640703020403696e670f07010159040474757265050102070101200201030601016901080101810e02046f6973740c060102280302726505010107010208070601013f020701017701076e61747572616c0c080101225702056565646564060701011c010701011b0203696365050102026f6e0f0d01012901020e03056f646c65730a01030174050104026573070102027574070701021c0101040801018130040173070701022201036f617406010401730609030101030304786163610d080101817a020b63636173696f6e616c6c790d080101811f0201660501020701020a0101040a010147133a010e0101098127283a020d01016001020d0301660c060102230202696c0d06010140020f01011901020605040265640d0601011e02046b6172610c0e0101811101021f02016e050102070101150101050e01012e0d0e813e02090101812803026365050108080101312103016508010508010182020303696f6e0d0601020b0601730d0a01014b81600302746f0f0901018103020370656e0c08010181060201720501070801015f52030f010141010218150304616e676507070101100303646572070701010b02047468657207070102190101020275740d06010134020701015c020376656e0f070101040401720d0c01012181532105056e696768740501010902010120010370616e0901040563616b65730b0103037065720f0701010f03077263686d656e740f0701010e04081e0a090a082109140f0910120b050b05093805050e3710110d1114090b0905120d0a460f140c0c0b0824070e140c0e0f0a0d0a090b0f0c090a0a0c090b0c06090d0a0d0b160e1307060b140e090705130c0c0a0c0d120d0f0b090e120b0e0c0d0a0d08120e0e0b08100b0c130b0f0f0d10130a0c0a0a0e090e0a080a090a0f0b11080c0d0b0f0c10091006050c0b07070c091108090d0c0807080d09090a0c080a0a0d0d31090a0e060d170e0a0a060d150a08070b0b0d080a090a0d0d090a0b0e0a0d0b0518370c1a080b130b180f07080b0d0b0a0a110c090909050d0b09090c051105080b0c070f15060c0f110c0b210b2215070a1a0b150f11070c090506110807090c13240812090f1b0c0b0a0a0a0b140b0a0d0e0a0b0f07090a');
INSERT INTO recipe_search_data VALUES(2473901162498,X'000008a4063070617374650d08010154070202626a0801020565616e757408010304707065720d0601017c0204696e63680c0601015702046c6163650c080101054c010c01018127351202090101523002046f696e740d0601015f0306736974696f6e0c080101810104057369626c650c0601021c0301740c06010154010801011f2603027572060701010a03010408010181350304776465720707010221080901013804070265640f0b0101541d0b0209726566657261626c790d0801018179070372656408010404686561740f07010102040570617265640f0901018105040473656e740d010504737572650c14010113070632190c0616040574746965720f0701017b0206756464696e67050103017405010105717569636b0c0601010201047261636b0f090101813603056d656b696e0d080101822202016505010303616479090103080101811d0304647563650607010119030966726967657261746505010b026f72050103056c656173650c0a010123570d03076d61696e696e670c080101810404036f76650c080101345a010a01018123250603696e670d06010104030273740d08010181530403756c74070701021802036963680d0601016903036768740c0601022203036e73650c0c01012d01022102036f6c6c0f0701016a03026f6d0f090101810f0304756e647307070102070206756262696e670c0601013a01017305010203616c740c06010159011001011a8140010203020701013c03066e6477696368080103037574650d0801014c1a020863616c6c696f6e73090103036f6f700f0701015b030772616d626c656409010202646606010404736466660b0102036561720d0601012a050265640d060101320403736f6e0d0a010114813f0303656473050101070101060706010108020701012803087061726174656c790d0601017703037276650d0e0101821f010206030174050108080101817102090101811802036673660b01020468616b650501040270650f0701016603036565740f0b01018107260601730f0701010c03046f756c64050103037265640d080101814d06036465640d0a010181771202036964650d0c01013b8124280501730d060101300207010175030266740f07010133050265720f0701014003046d6d65720d0a010181172a030174050102066b696c6c65740d080101817004016e0c0601013702046c69636508010601640d06010161060173080104056768746c790f090101811c02046d616c6c0f0701015803046f6f74680c0801014b59010801018134020701012307026965070304090173070102016f05010a110101810c01022c0f0305616b696e670c0801010329030266740f0901014e530504656e65640d0801014f0403026d650d0601020803026f6e0c0601021a0301790c1401012570090b06010205030701021504046265616e0c060101680801730c1001010a20080a0b1104046d696c6b0c0302020470656564070701011703036963650d080101810c03036f6f6e0f0701011e030472656164080107090101811102067461636b65640c080101812c040272740d060101020601730d0601015a030565616d65720c0e0101504001021504026d730d060101060401770d0801018139030369636b0d080101810102070102230601730f0701023c04026c6c0c0601022704017205010a0901011a2d050472696e670d080101811e03036f636b0d0a01016b28200404726167650c06010202050165060701011d090901018137060164050103047261696e0c0a0101810a1d070265720f070101440901730c0e0101812e0102180202756208010407737469747574650f07010204030263680f0701021303036761720c0801018116030d010116411d0b020677656574656e0c080101811206046e657373060701020b0204797275700501020701021f010a7461626c6573706f6f6e05010a0701015f0302636f0d08010182100501730d020303026b650707010204060a010133812f03037374650d060102050202686501010401020d01010901020b0101041c01011225084e080e0f01020a0c0c0128010105131112070a331a071616110d05090d200c022b010103141212160c1a050a060407052701021c0c1604016e0f0f0101813101022d0401790c06010225030d0101810d0e0e030369636b050106046e657373060701011a020269650d080101810803056768746c790d080101810903026d650f070101640301700c080102030f02016f05010107010118010701010501010101030e01017f0501021201140101411c3b2b2001020402130101052e6125010220030561737465640d0601017e03066765746865720501020701020f0101040601013d010801016d1b03046d61746f0d0601015303016f07070101220301700d080101817504037065640d080101822603067274696c6c610d0a010181630a030273730d080101810a020772616e736665720f09010181320301790701080701022e020375726e0c0601017c0202776f0c080101812b030701010a0105756c7472610c080101812102046e6465720c0601012f0606636f6f6b65640f090101811d030374696c0901030601014a010e01014d0d0f504d020b01011f295302017005010a0901018123020273650f0701020a0303696e670501020701021006080101814e020701013d010776616e696c6c6105010a0701012d02046567616e0f030203056e74696e670c0801017d05030272790f070101710104776173680c0601021303037465720607010117010901011906050e0101101d081a1a0203656c6c0501080601010f0209010120120301740f0d01014a010233020368656e0c0601022403036963680d0601015e0402736b09010203696c6c0c06010220030b01017e1e09030272650f0901018135030274680901030a0101435416011c01011981142e2115190605010207021101010d102f01022202056f6f64656e0f0701011d0302726b0f0701022101037965730d0102056f677572740607010113010701010c03017505010a0b01020211210401720f07010234040d06090b0b1a0b0e0c0e11110b11070b0d08120c0a050c0c0d050d0b0d060e0f120a0a0a0a0a0d0a0a0b0d05190a0b0c0a0b06080a090c160f0e110708090c08080b0c0d0d09090d050e080808050d0b1707050f0d0a0c0909140b0d090b0b0a0e0e09081009091008090b0c0c0b0e050d090c060e09130e0b0d130a06100a4f0c10070b0a0d0909330c1c0b08090b0f0a0f0a0a0f0d0b0e1c0b091710090d090b19120b0a0a06110a270c0907110c');
INSERT INTO recipe_search_data VALUES(2611340115969,X'00000ecd0230300c0701011e0101310c07010106050102080101813c012d0101065d120903120b0d0759114070062c0617060334021201010a358152811d59020130160a010183684703013014090101815903023563140901018207030167140f0101836507081002080101330a03046d696e731206010126020131160801018433020132140901018317020e0101842501020602013411070101150201351107010147050601016901070101140303303067140701017c030167160a0101817c0502033630671409010182110202373516080101840b020138160601012403023067160601012a02033930670c07010108020163140b01015d8354020167160a010182010502016c0c0701015d0201741409010181750101320c07010144050102080101813d01130101055d5165815b670216010110458126201d810351020130130801018133020601013302070101150302306714090101842a020e01018300067517020332356614090101820602013414090101835d020a010125812b0201350c09010175070807010156020801018269020338376316080101834203026f78160801018171020163140b010162070802036c6273110102027174150601010a02017414130101817a817906050b0101330c0d01010c01020d0507010136031501017220154e03817e410106010156011401011459811e271d81080201300c07010120081101014910816081630206010174030330306714090101811a0401671608010181260302636d140901018318030167141101015c050808830b03036d696e16080101826a020231351606010136020335306714090101842e020163140f01018213815206020167150601021202017414090101833c03036273701608010184290101340c0701015b0706010161010d01018240811e02100101810581328127020130130601017d030601017502013516080101811b0302306714090101816e0201631415010173334f814606453202026b67140701010702026c62140901018111020174140701017a0101350c070101730507010116020801011b4903100101811d6f478113020430303067140701013504016714090101703304026d6c0c07010146030167140f01018333060641020e01010306815e0502023530160c0101833f8106020138140901018130020167140d0101777f820502080101311c02026b6714090101811302016c1407010136030162140701010402026f7a1409010183270101361107010131020801018117010b0101830e2502100101813981208120020130160601017f02036d696e160801018441020474627370160801018308010137140901018341020c0101825d812c020435306d6c0c0701010e030167140901018361010138160e01013982348131020130140701013c020167140901018178010139160c010182788130020130140d010181588309010601012b0101610c090101411704080101090d010f0101077101020602180101142228120d141b080d1d011f01012481088114130726161632811a01160101061b2b211b0b01020e012201011805261b32814f28263408120b360d0204626f7574130601017c010901016608021a01017e517b22045e241a27071a010701011304027665160a0101815b1602036369641506010153020264640c09010155120507010102010801010e04010a0101380d2f011d01011817811b51820527140a0c0a010e01010209124a1401180101411c8161180a1c811821010901010b0e0403696e6713060101540204667465720c0701017902046761696e17070101110202696414090101825a03017213080101811301090101835902026c6c140901018134020801012d1904026f77140b010181644f010801010e22010c01018114821703046d6f737416080101822103036f6e6715080101222b02076d65726963616e0c0102010806010302010701030203046f756e74150601021007017316080101816b02016e110901013a35030701015002080101813f030763686f76696573140701016a0301640c1501010b0e173014010217040801010e14010b0101491327010601012001180101070c1c0810320a0d143c021001010d1137230817013601010e112f0513151b0b1108201c5011170b0a10050b1b1032223c010b0101050a0e03056f7468657213060101240201701608010108310303706c650e01020272650c0701022603036f6d61140d0101835f5e3c0403756e641608010184040201730c0901021904050f0101440401020e03090101812d010801013e06010e01018101824604030369646513060101190306010152030673656d626c651608010183230201740c0901011a57060601012401060101040206010166010e010120791a83150308746163686d656e7414090101825c01046261636b14070101130301670c090101813108090101835103026b65160c01018325811b050164140d0101817b0c150403696e6714090101817d010601012401080101831203026c6c160c01018109824c050173161001018127071381700304736b65740c0f010151400102160303746368130601015006026573130601014c0401681409010183480301791107010208020165140b0101815f5101060101370110010181327526814c0303616e730c0701013c0912010104191c13010205030563617573650c0701021d04046f6d657313060101670302656e1409010181440304666f7265110701015f020601015303080101831103036c6c79140701011604026f771606010203040174140901018248030273740c0701021103067665726167650c0601030202046c61636b11070101240303656e640c09010127190a080101840a010b010102100c060265640c070101670701720c07010142050701016f030b010184232b020a0101821805030369747a16080101821c02046f61726416060101700302696c141101012524827a81080503696e6714090101845b03026e65110701011005046c657373140901018114050173140d01010a240513040369746f1407010163030474746f6d160801018131070265641409010181380302776c1006010116030c010115050f48010b0101842941020c0101563a817003017816080101832002057261697365110701012d0603696e671109010160150303656164130a030101813a0109010181720303696e671411010122253e4d827902080101825303036f746812080101160702130101033e0f836710270402776e12060101020303757368130601016902077562626c696e671109010181040302726e16080101824d030174140901018161010601013901080101815c0403746572160a01018200400201790c070101380807010155020801018265010363616e0c07010207050b01011828190406010218010a010181722d010701020304036e6564110701011204036f6c611409010183640307726566756c6c790c09010181090a0a0101836a330302737412060101080205686173687514090101810f030965657365636c6f74680c090101812a0401661101030569636b656e11150201010d4e0c1a01020d010601011501080101815104026c65160a010182025905016911070102040405706f746c65110701011303026f70100601010403060101090503706564110701011f020a01012d812f0304756e6b73170701010402056972636c65130801018132030474726963150601015202076c65616e696e670c0701020f03036f73650c09010115570a08010181350402766514090101836d0106010216060173110701011e050c010181783c4002016d13080101813402056f6172736514090101817603026c640c0d01010f231a1804056f72696e67140b010182101403056d62696e651006010117030c01010c1c130d010b01017f8306010801018104010a01010b0a3f080164160601016804016516080101832d050173110103096e63656e747261746516080101826204057369646572110701010f06067374656e6379150601016e0a017417070101090505756d696e670c090101811f04067461696e6572140d0101821f820201060101080108010119290504696e756514090101815403026f6b0c0b0101193623050701013f0208010181370111010138812082404b010601012601080101825e0502656414090101846a0601720c0901011452050701010b030701013201060101210503696e67140901018117010601014004016c11070101650309010181660502656414090101834a030376657212060101170106010173010f01011f694f815802080101814302057265616d79140b0101844e1703036f636b1109010108620204756265731506010164030663756d626572100801010d0f03036d696e11070101270301700c070101070401730c0b01010d3a19030174130801018115010d0101823e561304037465721409010183200503696e67160601016f01016414090101820202026162140901018473030279730c0701020e0206656772656573160c010183408106030573697265640c0901013367090601016c020769616d6574657213080101813603026c6c10080101061b030573636172640c07010129040a696e7465677261746564150601013b03047669646516080101812302026f6e120601011d030575626c6564150601011607017313080101810304026768130e0101660e1f1113010f0101822c34170c021a01012781171b81572a121c090e0302776e16080101825f02047261696e140b010127831f010601013c03036965640c0701010908090101690702080101820503026f7014090101831b03017914090101822f010601020302047574636814090101813b010465616368130a01014f5f16010d0101831c810e0301740e01020364676516080101840602026767140f0101820d822d3b040173140d01018330041002096e6368696c6164617311090101810803036a6f790c090101810b02047175616c130801018118020376656e110701015605026c79120601010c0205786365737310060101110305706f7365641608010184020303747261110104060101740101661608010183410204616e637911070101520301741407010112020a01018306140203656564140b0101825d100305726d656e741608010181160301771508010181010203696e6415060102190403656c791306010108040369736816080101830f0702656414090101815c03027265110701011a0408330a090a120b091208120a0a0b0a08090a0a0a08092813130b10140b0a0a07090e2d170b090a0d0b090b0c08090b1f0d090a0f090a081d0b0909150c09110a08080a1f080b0c110b090c08090b1057250b0a490a0b0b0a0f10190c0b170b09140e5d0c0907090d0b270f0e21100b0f0c0b160c0d0f0a09090819150c0b0a160a0909090d0b18091b0b0b0e0b090c0b0a0c0a20090c0b121516090a0f0a140c13220a0b16090d11051e0b080c0e110b0d0b0e110f10090d0c0e28080905110c0d080d1b0c2b0a18100e0a1e0e0b0b0e0a080a110b0a090a0910120f0a0c110c090c09250a12160a0e0c15050b0d0b110b0c0a090c0d0c090b0f0c0d090a0a0b0a');
INSERT INTO recipe_search_data VALUES(2611340115970,X'00000ed605306669747314090101825002046c616b651407010164020a010182035905017915080101810e04017414090101824a03026970160e01016c3482391803036f7572130801012823010b01018173250214010109082b26810b816b06026564130601015c030a010183581b02036f6c64140b010182641a04066c6f77696e67110701010403026f6414110101820f0e088130010601014901060101590301720c1301011d572e0401020c050b0101300710020c01011a481d42011701013b0f42515f81293c4b010e01012a0a251d1101140101235c1f347b811a64010f0101120b01020703027572140901018326020772616772616e7414090101840f03036573681006010105030601012e030c0101830981240304696467650c0701020b0a080101814903026f6d140b010129842004026e7416080101836e0402746813060101220203756c6c160a0101830514010167160a01018208050207617262616e7a6f150601020404036c696310080101031c010701011d030b0101836f1801060102090110010181793d0f0f230205656e746c790c070101390a08010182430301741409010183090205696e67657214110101811f2c822c15030276651306010132030601017202016f16080101834c03076368756a616e67140b010183761e03026f641101030174110701014d020472617465100601010b0608010183130601641006010119040901018372060172160801018321030365656b1006010204020379726f130801018154010468616c661006010108040b010182661b020801018267040376656414090101847003026e64140901018322020601017c050173110701017e030173140b01014d08720302766513060101020206010114020365617413080101810b0115010181053d12823e3e0f02080101821404027679120601010702090101813702036967680c0901011b57050901013439030f01013981088260010601012801080101834602046f6c657316080101831d03066d656d6164650c0701020403036e6579140b010184021a030701010e06036465771709020101030301740c0701016008090101846203027572140d0101810a810105017311090101320703090101835e020a010126812b03017711010205756d6d7573150e0201016a01020c020679647261746514090101823801016914090101825502026365140901018347010601016302070101180201660c0901013267050901013814040c01017c01020601080101815002086d6d657273696f6e110701016e030b010184222b02080101821702016e0c1501011131141206010209040601011301090101114d0108010106180110010113122a3b330f01190101813633380e3e1b810b0c0110010117450a01020a01100101174d230b3e260107010205030a636f72706f726174656413060101520405726561736514090101830002080101841f03096772656469656e74731107010105030901018100020601016403057374616e740c07010153050701013b05036561641608010181610302746f1109010106710208010181160119010181297c1a0608092b2311010601011e011401013e18351f0881526d0203726f6e12060101090201730c090101811c0706010151030801018363020174110901012c57020a0101334809030a010173832403016f14090101823201086a6170616e6573651407010302020475696365100601012205080101502801046b6565700c070102080606010121020669746368656e14090101825902046e656164130601015f03026f620c0701017e08090101811e040177110102046f6d6275140701015e030473686572110701012201056c61726765140901011c2802080101831c020365616611070102090402737412060101250403766573130801010b270503696e6716080101837d0302667416080101822803036d6d65110104026f6e100801010a19050801014f28030174110701012b0206010178030e01011e8226817d020269640c0b010116571f06080101190b040601011c0303676874140701017406026c79130801015b4803026b65150601021103026e6b14090101824303047175696411070101740309010181680106010141030474746c65110701014502036f616416080101843403026e67140b010182474f03056f6b696e6714090101827a030177110701012f0309010181520403657374160801018339020375636b110101016d1409010182560203616b650c070101240201050601014d05017316060102040403696e6716080101815303036e676f170903010107030672696e61746514090101835a09016414090101843704047a616e6f1608010181750302737314090101823d0302796f100601011c0206656173757265140901018324040174140901018132030164140d0101813e824f040a6974657272616e65616e1006010302030601030202060103020502756d13080101810a030a0101820f06030273680c090101812d030474686f640c070101040a080101835f0305786963616e110d0101290103020108020103020203696c6b0c1501012670090b06010206070801010311040d01010c01020803016e140d01014a81125e04026365100601010206016414090101836e040173140701013d02080101811c04037574650c0701011f0701730c0d0101215504070507010148020c01011c491d42010901018342010a01012c0a25010801018248030372696e140f0101833a1c2b1e03017813060101350109010182200402656410060101260403696e6710060101150404747572650c07010169070e01011f210a0610030601011602016c140901017d2002046f6973740c0701022803027265140b0101827710020a01018164050302766514090101834c03027a7a16080101840905066172656c6c6116120101830306051181150203756368150601013f01066e6163686f7311070102110305747572616c0c090101225702056561726c7915060101150302636b1407010109030465646564150601017d03017716020203027874130601015602066f6f646c657314110101816d824b2415030174140901018162010601013a010c0101824c814d020275740c090101813001026f660c0b010147133a050f01011938010210020a0101811d13011501010c06817e822a202401080101810b012401012e1914258126175b141f17210b0b2b090301660c07010223080901018104010601013d0202696c1206010105010801013a36010f010183600b553c010a01015c210f010e0101351681374004026564130801018122030a0101810d3504017314090101840402046b6172610c0f0101811101021f02046c697665150a01015b210f010c010134814b4002036d697416080101815d02016e110701012e0106010123010c0101810d1422011101014f664f622f04020c0101831a1f5b03026365120601011a020901018349020a0101826c77030165110701014e040601016501080101832604017311070101530303696f6e1107010120060173110701015b0302746f161401016e3420821a18113c0205706171756514070101510302656e0c0901018106030674696f6e616c11070102020309010181190201720c0901015f52050901013356020a0101815206010f01011481288169010c010179010213010c01018219812c03056567616e6f110701012a050a01018206580204756e636511070101170301741006010110010102080101812b010d01015935824e020801016d34020376656e14090101813c020c010183330c0e040172130801018109010d0101813d824f02080101821205056e696768741506010111010470616c6d160601017903016e120601010a010a010181083e030a010182112a03057072696b61110701020b030b010183791c03077263686d656e74140901018201040174110701020f050a0101830115050173140701011a0303737461140f010182530a130f02056562626c791409010182300302656c14090101834b02100101822d8148202d03047070657211070101250701731107010114020269650e010402636513080101812d010901010b06060173130a0101811a0403016e130801018128040263680c0701015708090101820b020e0101058308812703027461130a02010181390403746564170701010603037a7a611618040101831019103f09261d05060173160601020702046c6163650c090101054c070a01018106170402696e1006010203040473746963160a01018112350402746513080101814d03026f70110102066f6f6c697368161201010229091a81110a0302726b1308010181530121010102080706060613660915830a251e040474696f6e1409010184330801731409010183280306736974696f6e0c090101810104057369626c650c0701021c09060101430301740c07010154050d01010935240d031101011e287782523b0304776465721107010205020572656665721506010208040468656174160c0101820e812608026564160c0101823882010402737313080101810c010d01018239812006037572650c15010113070632190c0616050701014203090101310b010a0101200b0803056f63657373150601015408026f72140b0101821c0c010601014a010601015a04026f6616080101814b0203756666130801018147030174160c01011578310f01077175616c6974791407010152030965736164696c6c6173110901018106030369636b0c0701010201047261636b16080101833a03036d656e1413030101816c8142810b02016516080101815203056163686573150601016b040264790c090101811d04036c6c79110701015103046369706516100101815a16010202030464756365140d0101814f811b020801018264070164140701015402080101826d0309667269676572617465140d0101816b814102080101827e03056c656173650c0b010123570d090601013103076d61696e696e670c090101810404036f76650c090101345a050701016102080101811101090101844602080101826e030470656174140d01018267091703027374130601017a03047475726e110901018100030701013e020369636512080301010303036768740c0701022203036e73650c0d01012d010221080701012b060164140701012e030270651606010147030373657313080101810102046f617374140b0101812b1906026564110701011b03026c6c13080101812a010901018249040c1209090d1e100c0d18480a0f17110b0a090c0a0e261209110e09100608110e090a0b180b0f080a0e1d0f250c0d110b0e0c1605100e09141d1c5111131b110b2f0a1417090f11100e0b0f050b0b130a090b0b0a071016160a0a090a160b0b0b0d0e0b070911080b0b0e090c0a090e090b1b110a11151f0b09090e0a2b0e0e090a19090b120a0a130a0d0d0c090b060912160a41132811090f150b271613080a08100c0a132f130b1e13170c0b16130f0f080e0d140b0806100a09180b0a130813090d0a06131c0c090e111a0b0c0e0c12230c150a0b0b0e110a0c10090c0a0a10140e19130f220e09110b0a1208090b0d09');
INSERT INTO recipe_search_data VALUES(2611340115971,X'00000ba50730726f6c6c6572140f01018254171a120503696e67130801018127050173160601017603026f6d1306010105030c0101217982190303756e64160c0101812b82400206756262696e670c0701013a03056e6e696e671409010182270101731608010184160203616c740c07010159040601011e0107010123020601012a010b0101817722010a01014e2b1a011401013a25812e6c1c812705026564140b010168837403016e160801018174030375636511090101780f010601010f021701017632278166111a343b020e0101817072811c0405736167657313080101815504027465160801018210020863616c6c696f6e73140b0101843a3a03036f6f70160801018279020365616d16080101812e0501731608010181370401721107010157030901018131050265641409010181450403736f6e1608010182770703696e671506010171030163140b010184174b04046f6e6473150801018102010801016a18010701011603016516080101835b030670617261746514090101821e0303727665110701020c02080101814f010901018427010801018105030473616d65140901018368030174110701016602060101160306010151040474696e671409010182630305766572616c140b0101826f17020468617065140d0101812c81240208010181290601641608010183640503696e6716080101835e0303656574140f010182037a130b0208010181410601731409010183190304696d6d7916080101840e040474616b65140701016f03046f756c6414090101815e010801011325010801018224070265721409010181160402776e14090101812e0208010181020303726564110701017906056461626c65140901018163020369646513080101814105016414090101841e05017314090101813503046d6d6572140b010181034d020801018256030174140901018233020601011f03027a65130801018105020601011801080101842105016413080101811904037a6c651608010182440603696e6714090101840e02036b696d160a010183021504016e0c0701013705046c657373110701010c02056c696365641411010181202a82731a04056768746c7913080101814903026f77110701010a05026c79160601016002076d616c6c65737415060102150402736816080101822f06026564160a0101817b4703046f6b6564110701020a04036f74680c0901014b5905070101770206010168010f0101827815811c0208010182220702696517030402036f616b150601011005026564150601011a0503696e670c090101032903026461140d0101817c041d010601012503026674140901018160010601013803046c696473140901015a3503026d65130601016d03080101822603026f6e0c0701021a0301790c1501012570090b06010205081301017532278166111a04046265616e0c070101680801730c1101010a20080a0b1104046d696c6b0c03020208706167686574746914090101831f0304696365731107010203010601011104016e140b010184202b010601017e010601016505046e696e67150601015f03047265616414090101817f0208010183760405696e6b6c6513080101815802080101810a0206717565657a6510080101070a02067461636b65640c090101812c04056e6461726416080101821a04037274731306010120030565616d65720c0f01015040010215040265701409010181070303696c6c0c07010227090601015e0401721006010123020801010b160106010140010901018410010601010c01080101113f03036f636b140901011d2804026e65160c0101833681050404726167650c0701020208090101835003047261696e0c0b0101810a1d08090101583507036572730c0f0101812e010218040365616d14090101822801060101590106010161050374636816080101841c0403697073140901018241030375636b16080101841802027562170701020403036761720c0901018116070601010e010701017b020e01013c25812f6b03036d616315080101810c03027265130601014e0310010181338119814c040466616365130801015e48030c01018121823a020677656574656e0c0901018112010174120601011e020461636f731107010212030468696e69150601014d03036b656e140701014e03026c6c150601010703027265140d01015b8354130303737465150601016f0203656d70160c01012279823305076572617475726513060101060308010183300305787475726514090101815d010601016d010801018227010901010a14020368617414090101824f0301650c1d01011225084e080e0f01020a0c0c040801010c0e01170101034f0a0707070d0a0b022601010d0c090b04050f050a060f120e1f06280d010f010182580b1320010c010103010214012c01012f1911253a08071b07070e053f0f661f06331a1d04016e120801010d08021101012681455b5a2b010c01012d19160a01100101810f8132815c010701010f040272651608010182230401790c070102250708010181460206010112030769636b6e657373140b0101826a1a04026768110701010e04017311070101400309010183130305726f756768141301018251101032813b0303796d65130c01010a27812e0202696514090101812703026d6514090101832d0106010168050173140b010182701803036e676111030304017914090101820a010601020f0301700c090102030f02016f0c0f01017f05010212050d01016408081402180101211707080814391b091d013101011b0a0f13073e4d060612371f811109510c1c0612070e010e0101050c23193e012c0101123f48211821420f170b0f171a160c0412560e060303617374120601011203066765746865720c0701013d080b0101823a0c03066d61746f6573110701011c050e010181762b0e2803066e6b6f747375140302030170140b010133843b02080101834f040570696e677316080101827f03067374616461731107010213030374616c16080101840d030377656c1306010176020772616e73666572130801015775010b0101834558010601014504017914090101820402080101814203056f74746572140701010e02027370110b0101210704020375636b1608010181060302726e0c0701017c0507010171050173140901018274020477696e6514090101811803016f0c090101812b0a0e0101812501020502077a61747a696b691002020105756c7472610c090101812102046e6465720c0701012f05070101410406010127030374696c0c0701014a0406010124030c01011d491d48011501014b8228182664192b0106010169010a010166813c0107010108020170130801018148020273651006010202010701016c02080101812502080102020d010a010181580c0303696e671107010139030901018257020c01018216822601027665110701014c030867657461626c657313080101815703056e74696e670c0901017d0502046964656f160c01018104825a01047761726d1206010114020901018467020801012b190502656414090101846e030273680c0701021303037465720c0f0101101d081a1a0406010112030601011001230101170c091149202d4f1209810d1f810b010801010b1401100101040a221981270203656c6c1006010125060c0101675383000301741606010163020368656e0c07010224080b010181411c0303696c65150601015d03036f6c651107010207050c010181730939020369646514090101824b0502737414090101826203026c6c0c0701022008090101822d02080101834b030274680c0b0101435416050701017c010801010416010c01016c0a5e0b0117010120168173812f512b25010a0101232b3c011401011a10511c1e19817205036f757416080101815602066f726b696e67130801015d48020372617014090101816a02080101811001057965617374130a01010f300a030c01010609271c03046c6c6f77140b0101820e1e02056f67757274100c01011b01020507070102060302726b160203030175110b01013d100b0309010183080108010207120108010181510107010202040172110701017d040601020b010a01017b824f04110b08110d0d0d09330b09260d0a110b0b090e0a0b0a0a17090e1c0c120c0e14090b14090c0b180a100a0d0b0909130e15090b0b0c080b110d09090e0a0b0b24070a090b110f0c0f091a0b0d091010140b12130e0e0d0a100a0f240b0c11130e150b0b0b091e0b13140e080b0b0a090c0a0d141e0b642a0a1310090e120d0a0f0a080e095d0a14160b100d0d0b0a1b0f0c0b0b0e090c120c0d153409211809100d0e170a093b1208110a120b0a153e0b0e11160d140721');
CREATE TABLE IF NOT EXISTS 'recipe_search_idx'(segid, term, pgno, PRIMARY KEY(segid, term)) WITHOUT ROWID;
INSERT INTO recipe_search_idx VALUES(1,X'',2);
INSERT INTO recipe_search_idx VALUES(2,X'',2);
INSERT INTO recipe_search_idx VALUES(3,X'',2);
INSERT INTO recipe_search_idx VALUES(4,X'',2);
INSERT INTO recipe_search_idx VALUES(5,X'',2);
INSERT INTO recipe_search_idx VALUES(6,X'',2);
INSERT INTO recipe_search_idx VALUES(7,X'',2);
INSERT INTO recipe_search_idx VALUES(16,X'',2);
INSERT INTO recipe_search_idx VALUES(16,X'307375',4);
INSERT INTO recipe_search_idx VALUES(18,X'',2);
INSERT INTO recipe_search_idx VALUES(18,X'30706173',4);
INSERT INTO recipe_search_idx VALUES(19,X'',2);
INSERT INTO recipe_search_idx VALUES(19,X'30666974',4);
INSERT INTO recipe_search_idx VALUES(19,X'30726f6c6c65',6);
CREATE TABLE IF NOT EXISTS 'recipe_search_content'(id INTEGER PRIMARY KEY, c0, c1, c2, c3);
INSERT INTO recipe_search_content VALUES(2,'a','instr','addi','b');
INSERT INTO recipe_search_content VALUES(3,'a','instr','addi','b');
INSERT INTO recipe_search_content VALUES(4,'Thai Tea Crinkle Cookies',replace(replace('Using a fine mesh strainer, sift together flour, baking powder, salt, and cardamom into a small bowl.\r\n\r\nIn a large bowl, whisk together egg, vanilla, sugar, and instant Thai tea powder. Slowly pour in melted butter and whisk until fully combined.\r\n\r\nStir flour mixture into wet ingredients, mixing until combined. Turn dough out onto a clean work surface and shape into a round disk. Tightly wrap disk in plastic wrap. Refrigerate until chilled and firm, at least 1 hour and up to 12 hours.\r\n\r\n\r\nPreheat oven to 350°F and line a baking sheet with parchment paper. Remove dough disks from refrigerator. Using a 1-inch (about 3/4-ounce) cookie scoop, scoop dough evenly into balls (about 1 1/2 tablespoons each). Roll each portion into a ball between your palms. Place powdered sugar in a medium bowl. Roll dough balls in sugar until well coated. Arrange dough balls about 2 1/2 inches apart on prepared baking sheet.\r\n\r\nBake cookies until tops are crackled and the cookies have flattened slightly, 11 to 12 minutes. Remove from oven. Let cookies cool on baking sheets for 5 minutes, then transfer to a wire rack to cool completely.','\r',char(13)),'\n',char(10)),replace(replace('Makes 12 cookies.\r\nDough can be stored in an airtight container and refrigerated overnight before baking.\r\n\r\nIf using an unsweetened powdered Thai tea, add 1 tablespoon granulated sugar to dough.\r\n\r\n','\r',char(13)),'\n',char(10)),'Dessert');
INSERT INTO recipe_search_content VALUES(6,'Overnight Oats',replace(replace('Add oats and chia seeds in a bowl. \r\n\r\nPour milk in bowl and mix.\r\n\r\nMix in greek yogurt. Add additional milk/water to reduce thickness as needed\r\n\r\nStore in fridge overnight.','\r',char(13)),'\n',char(10)),'Add dried fruit and honey for more flavor and sweetness','Breakfast');
INSERT INTO recipe_search_content VALUES(7,'Mixed Berry Smoothie',replace(replace('1. Combine ingredients to a blender in the following order: Yogurt, Banana, Frozen Berries, Orange Juice.\r\n\r\n2. Blend ingredients on medium speed. Add water as needed. Hot water helps if mixture is too chunky. \r\n','\r',char(13)),'\n',char(10)),replace(replace('It might take a few rounds before all of the ingredients get blended together. \r\nUsing frozen ingredients allow for a chunkier end result.\r\n\r\nOther add-ins: nut butter, maple syrup, cocoa powder, nuts, etc.','\r',char(13)),'\n',char(10)),'Beverage');
INSERT INTO recipe_search_content VALUES(12,'Soymilk',replace(replace('Quick Soaking Method: \r\nPlace 1 cup (190g) dried soybeans and 3 cups (750ml) cold water in the pressure cooker. Close lid and pressure cook at High Pressure for 0 minute + 30 minutes Natural Release.\r\n\r\nMake Soy Milk:\r\nBlend Soybeans: Discard soaking water and rinse soybeans under cold water. If desired, remove the soybeans’ skin by gently rubbing the beans together. Blend soybeans in a blender with 2 cups (500ml) of cold water until smooth.\r\n\r\nPressure Cook Soybeans: Place steamer basket in Instant Pot. Add a pinch of salt and 4 cups (1L) cold or hot water in pressure cooker. Add in blended soybean mixture. Close lid and pressure cook at High Pressure for 5 minutes + 25 minutes Natural Release (after 25 minutes, turn Venting Knob to Venting Position to release remaining pressure). Open the lid carefully.\r\n\r\nStrain & Enjoy: Remove the steamer basket of okara. Sweeten soy milk with sugar if desired. The soy milk is ready for consuming. For ultra-smooth soy milk, strain the soy milk with cheesecloth, two stacked mesh strainers, or nut bag.','\r',char(13)),'\n',char(10)),replace(replace('Storage Tip: Homemade soy milk can keep in the fridge for 3 days.\r\nCleaning Tip: Best to wash the steamer basket and strainers as soon as possible because the okara will rinse right off when they are still moist.','\r',char(13)),'\n',char(10)),'Beverage');
INSERT INTO recipe_search_content VALUES(13,'Birria Tacos',replace(replace('Start by removing the stems and seeds of ancho and guajilo chilies, as well as chilies de arbol. \r\n\r\nSeason all the meat generously with salt. In a large oiled pot heated over medium heat, add the meat in batches and sear 2-3 minutes on all sides. Once seared, take out the meat and leave on the side. \r\n\r\nAdd a bit more oil to the pot back on medium heat and add chopped onions. Saute until just softened. \r\n\r\nOnce softened, add tomato paste and cook down until paste starts to darken. \r\n\r\nAt which point, add sliced garlic and saute until fragrant and add rich beef stock. Mix together and add in chilies. \r\n\r\nAdd the meat back in. \r\n\r\nSeparately in cheesecloth, add black pepper corns, toasted coriander, cinnamon stick, and bay leaves. Fold together and tie tightly. \r\n\r\nToss the spice bag mixture into the stock and bring to a light simmer and cover. Braise for 1 hour stirring occasionally.\r\n\r\nAfter 1 hour, remove the chilies and place into a blender with a little of stock liquid and blend until smooth.\r\n\r\nPour back into the stew and bring back to a simmer. Cover and braise for 90 minutes. \r\n\r\nRemove the meat (and any bones) and shred using a fork. \r\n\r\nSeason the rest of the broth with salt and place to the side. \r\n\r\n\r\nAssembly Method:\r\n\r\nTake a fresh tortilla and dunk in the broth completely. \r\n\r\nPlace tortilla in a cast iron skillet set over medium heat. \r\n\r\nTop with shredded cheese (preferably oaxaca cheese) and cook until just melted. \r\n\r\nOn one side add the braised shredded meat with a drizzle of consomme. \r\n\r\nFold the taco over cooking for 1-2 minutes. Flip and cook for another 1-2 minutes.\r\n\r\nServe with a ramekin filled with consomme topped with diced onions and chopped cilantro.','\r',char(13)),'\n',char(10)),replace(replace('Add salt to taste.\r\n\r\nServe with some finely diced onion and fresh cilantro','\r',char(13)),'\n',char(10)),'Mexican');
INSERT INTO recipe_search_content VALUES(15,'Vegan Chocolate Crinkle Cookies',replace(replace('Preheat the oven to 350 degrees F. Line two baking sheets with parchment paper.\r\n\r\nIn a large bowl, add the sugar and canola oil. Stir with a wooden spoon until well combined and smooth. Add the ground flax seeds, non-dairy milk and vanilla, and mix well to combine.\r\n\r\nSift in the flour, cocoa powder, baking powder and salt using either a sifter or fine mesh strainer. Stir until combined with the wet ingredients and a soft dough is formed. \r\n\r\nPlace the powdered sugar in a small mixing bowl. Scoop out a heaping tablespoon of dough at a time, and shape into a ball. Roll the ball in the powdered sugar very generously, covering all sides. The more powdered sugar, the prettier the cookies will be.\r\n\r\nPlace the balls onto the prepared baking sheet, about 2 inches apart so they have room to spread.\r\nBake for 10-12 minutes until set. They will appear slightly undercooked and soft, but will firm up as they cool.\r\n\r\nCool on the baking sheet for at least 10 minutes, then transfer to a wire rack. Store any extra cookies in an airtight container for 4-5 days. Enjoy!','\r',char(13)),'\n',char(10)),replace(replace('You can substitute coconut oil for canola oil.\r\nUse any kind of non-dairy milk you like, such as soy, almond, cashew, or coconut milk.\r\nIf the dough is hard to work with, stick it in the fridge for 30 minutes or so, then try again. You can also wet your hands a little bit so the dough sticks less.','\r',char(13)),'\n',char(10)),'Dessert');
INSERT INTO recipe_search_content VALUES(16,'Tzatziki',replace(replace('Mince garlic.\r\nChop fresh dill.\r\nSqueeze half a lemon. \r\n\r\nGrate the cucumber and squeeze out excess water. \r\n\r\nIn a mixing bowl, combine the grated cucumber, yogurt, mayo, garlic, salt, dill, and lemon juice. Stir until well mixed.\r\n','\r',char(13)),'\n',char(10)),'Use plain greek yogurt.','Mediterranean');
INSERT INTO recipe_search_content VALUES(17,'Chicken Tinga',replace(replace('Add the following ingredients into a Crock-Pot / slow-cooker:\r\n• skinless chicken thigh (consider bone-in!)\r\n• canned chipotle peppers\r\n• 14.5-ounce can of fire-roasted tomatoes\r\n• garlic cloves\r\n• chopped onion\r\n• tsp kosher salt\r\n• black pepper\r\n• tsp cumin \r\n• tsp Mexican oregano\r\n\r\nLet it braise on low for ~6 hours or high for ~3 hours\r\n(If using an instant pot, you can cook this under pressure for as little as 15 minutes! And if you''ve got one of the really fancy ones, you can even sear the chicken and onions in the pot before braising)\r\n\r\nRemove the chicken to cool. Set the Crock Pot to high. Use an immersion blender to turn the braising liquid into a smooth sauce. Shred the chicken with your hands and return it to the bubbling sauce. quesadillas, or enchiladas.\r\n','\r',char(13)),'\n',char(10)),replace(replace('Optional Spices: \r\n• chili powder\r\n• a whole bay leaf\r\n• smoked paprika\r\n\r\nServe chicken as part of nachos, tacos, tostadas, ','\r',char(13)),'\n',char(10)),'Mexican');
INSERT INTO recipe_search_content VALUES(18,'Mexican Rice',replace(replace('Brown rice with oil in heavy cast iron pan- stir evenly, then add sauce, add spices (toast) then warm chicken broth. \r\n\r\nCover with lid. Once broth in, don’t stir and keep lid on at least 10mins.','\r',char(13)),'\n',char(10)),'','Mexican');
INSERT INTO recipe_search_content VALUES(19,'Pita Bread',replace(replace('Have milk at room temperature and finely chop thyme leaves.\r\n\r\nCombine the sugar, yeast, water, and milk in a bowl. Set the bowl aside for 5 minutes, until the mixture starts to froth.\r\n\r\nIn another bowl, combine the flour, the salt and the chopped fresh thyme leaves and give it a mix to combine.\r\nAdd the oil to the yeast mixture and stir to combine.\r\n\r\nAdd the yeast mixture to the flour mixture in batches. Make sure each batch is incorporated before adding the next.\r\n\r\nTransfer mixture to a lightly floured working surface. Knead for 4-5 minutes until the dough becomes smooth.\r\n\r\nBrush a bowl with some oil and add the dough.\r\n\r\nCover with a towel and let it rest for about 40 minutes, until it rises and doubles in size.\r\n\r\nPlace a pan over medium heat.\r\nPress on the dough to remove the air and cut into 6 equal sized pieces.\r\n\r\nPlace pieces of dough on a lightly oiled working surface. Use a rolling pin to roll out each piece of dough to a circle 20 cm in diameter.\r\n\r\nCook the pita bread for 1-2 minutes on each side in the pan, until they puff up slightly.\r\n\r\nTransfer to a plate and serve with chicken or pork gyro, sausages or vegetables. Sprinkle with chopped thyme.','\r',char(13)),'\n',char(10)),'','Mediterranean');
INSERT INTO recipe_search_content VALUES(20,'Tonkotsu Ramen',replace(replace('PORK BROTH \r\n5lb/2 1/4kg pork neck bones \r\nPiece of pork trotter\r\nPiece of pork fat back or pork belly \r\nWater \r\n\r\nAdd pork parts to large stock pot, cover with water,  bring to a boil then drain water from pork & rinse bones. Add rinsed bones to pressure cooker & top with 5000g/5L water. Cook, high pressure for 80 mins. \r\n\r\nReturn broth & bones to large stock pot & bring to boil for 30 min until broth has taken on an opaque quality & has reduced by 25-30%. Strain out solids. \r\n\r\nTARE\r\n30g (~1c) Kombu\r\n30g (2 1/2c) bonito flake\r\n30g (about 2c) salted, dried anchovies\r\n30g (about 2c) dried shitake\r\n500g (1 3/4c)  light soy sauce \r\n5g (1 1/4t)  sugar\r\n1500g/mL water\r\n\r\nCombine ingredients, bring to simmer. Off heat, cover, & steep for 1 hour. Strain out solids. \r\n\r\nPORK CHASHU\r\n3-4lb/1.5kg boneless pork shoulder\r\nCooking twine, optional\r\n3000g/mL water\r\n1 knob ginger, sliced\r\n500g (1 3/4c) soy sauce\r\n\r\nTie pork into a roast shape as shown @2:58. Sear meat on all sides in heavy bottomed pot or dutch oven over med-high heat. When roast has been seared, add water, sliced ginger, & soy sauce. Bring to simmer, reduce heat to low, cover, & continue to cook for 90-100 min. \r\n\r\nWhen finished, texture should be soft, but not shreddable. Allow to cool in liquid then wrap & refrigerate.\r\n\r\nRAMEN NOODLES\r\n450g (3 3/4c) bread flour \r\n5g (1t) coarse salt \r\n8g (1/2T) baked soda (baking soda spread on parchment’d sheet tray, baked 225F/105c, 1 hour)\r\nTiny pinch of egg yellow food coloring \r\n160g (2/3c)  water \r\n\r\nAdd flour, salt, & baked soda to food processor. In separate container, mix food coloring into water. With processor running, stream in yellow water. Dough will be dry & pebbly. Allow ito sit for 30 min to hydrate. Press together into a mass. Cut into 4 strips then link together into 1 long belt. Roll flat & wide into a shape that fits through a pasta roller. I''m using the kitchen aid pasta attachment. \r\n\r\nFeed dough through on the widest setting, fold in half & repeat. Reduce roller thickness, feed pasta through, & repeat several times until the dough turns into a more smooth, pasta looking sheet. Fold dough in half, increase roller thickness, & repeat several more times until you get a smooth sheet on #6 on the roller.\r\n\r\nCut this long sheet into 12”/30cm sheets then drop each through a spaghetti cutter (or hand cut). Measure into four, 5oz portions. Cover & refrigerate until ramen time. \r\n\r\nSOY SAUCE EGGS: \r\n6 eggs\r\n50g (1/4c) water \r\n50g (1/4c)  mirin\r\n50g (3T)soy sauce \r\n\r\nBoil eggs 7 minutes then drain & transfer to ice bath. Once cooled, peel & move to a food storage bag with water, mirin, & soy sauce. Press out air & marinate for 4-24 hours. \r\n\r\nAROMA OIL\r\n75g (1/3c) canola\r\n10g (1/3c) sesame oil\r\n10g (2-3 clove) minced garlic\r\n10g (2t) grated ginger\r\n30g (2T) gochujang \r\n5g (2t) paprika\r\n50g (1/4c) mirin\r\n10g (1 1/2t) honey\r\n\r\nCombine oils, garlic, ginger in sauce pot over med heat until sizzling & fragrant. Stir in gochujang & paprika. cook for 30 sec. Add mirin & honey. Transfer to high sided container & spin with immersion blender until smooth. \r\n\r\n\r\nTO SERVE EACH BOWL: \r\n200g (3/4c) tare\r\n350g (1c) pork broth\r\n1 portion of ramen noodles\r\nMarinated egg\r\nSliced scallions\r\nAroma oil\r\n\r\nAdd tare & broth to sauce pot. Bring to boil. Remove from heat & spin with immersion blender until creamy. Add 2 sliced of pork to heat through. \r\n\r\nAdd noodles to salted boiling water. Cook for 90 sec. \r\n\r\nAdd hot creamy broth to a warm bowl. Add cooked noodles, top with warmed pork, halved egg, scallions, & dab of aroma oil. ','\r',char(13)),'\n',char(10)),'','Japanese');
INSERT INTO recipe_search_content VALUES(21,'Hummus',replace(replace('Add the beans to a tall container, add 2qt water, stir, and allow to soak overnight. They should have nearly doubled in size. \r\n\r\nAdd soaked beans and water into a pressure cooker along with baking soda. Cook under high pressure for 90 minutes then allow pressure to release for 20 minutes. Beans should be soft but not disintegrated. Drain off as much cooking liquid as possible then transfer beans to a food processor along with tahini, salt, lemon juice, and citric acid. Process for 3 minutes then stream in olive oil while still spinning. Then add in ice cubes one at a time until hummus reaches desired texture/consistency. \r\n\r\nTaste for seasoning and add extra  lemon juice, salt, and/or olive oil if needed. Spin for a few seconds to combine. \r\n\r\nServe with olive oil, a sprinkle of sumac, and flaky salt. ','\r',char(13)),'\n',char(10)),replace(replace('Use dry garbanzo beans.\r\n\r\nif you prefer garlic in your hummus, use a tiny amount like 3g or the smallest clove you can find. \r\n','\r',char(13)),'\n',char(10)),'Mediterranean');
INSERT INTO recipe_search_content VALUES(22,'New York Pizza',replace(replace('POOLISH:\r\n50g water\r\npinch yeast\r\n50g ap flour \r\n\r\n1. Combine water, yeast, and flour. 2. Stir to combine. 3. Put mixture in a container with a lid  and let sit at room temp for 18-24 hours. \r\n\r\nDOUGH (with Poolish):\r\n180g warm water\r\nAll of the poolish\r\n5g yeast\r\n10g olive oil \r\n315 ap flour \r\n8 salt \r\n10g sugar \r\n\r\n1. Into a container add warm water, all of the ripe poolish, oil, and 5g yeast and stir to combine. Set aside. 2. Into the bowl of a food processor add flour, salt, and sugar. Slowly stream in wet ingredients. Spin until well combined + 15 seconds. 3. Flip out onto cutting board and give it 30-40 rolls with the palm of your hand for about 60 seconds as shown in video. 4. Tuck into a ball and put in oiled bowl  then wrap with plastic and allow to ferment at room temp for 45 mins.  5. Flip out onto surface and divide into two 300g balls and shape into round balls with seam at the bottom. Be sure to close the seams well. 6. Put the dough balls onto an oiled sheet tray, cover with plastic, and put in fridge to proof for about 24 hours. \r\n\r\nIf you''re making the dough WITHOUT poolish, use the recipe above, but omit the poolish and instead use 50g more flour & 50g more water to the amounts in the recipe above. \r\n\r\n\r\nSAUCE: \r\n28ox can whole san marzano tomatoes\r\n2 cloves garlic, whole, smashed\r\n15g olive oil\r\n15g butter\r\n1g chile flake\r\n1g dried oregano \r\n3 g salt\r\n5 g sugar\r\n\r\n1. Preheat medium saute pan over medium heat. 2. Using immersion blender (or standard blender), blitz can of tomatoes until almost smooth. There should be some texture left to the tomatoes. 3. Peel and smash 2 whole cloves of garlic. 4. To the preheated pan, add olive oil and butter then smashed garlic. Let gently sizzle for about 3 minutes. Be sure to not burn garlic. 5. Add tomatoes and bring to a simmer. 6. Add chile flake and oregano. 7. Cook down sauce to concentrate and reduce by about half (about 25-30min). 8. Once reduced, remove garlic cloves and add salt and sugar to season. 9. Scoop into a bowl and refrigerate.  \r\n\r\n\r\nTOPPINGS:\r\n200g part skim mozzarella\r\n200g full fat mozzarella\r\n6TBSP fresh mozzarella\r\npinch of salt to finish pizza before baking \r\n\r\nGrate part skim and full fat mozzarella on the large holes of a box grater. \r\n\r\nTO ASSEMBLE AND BAKE ONE PIZZA: \r\n1. Allow dough balls to come to room temperature. 2. Preheat oven with pizza stone on the lowest rack of the oven to 550 degrees f/287c (or about as high as your oven temp will go). 3. Flour top of a dough ball and flip onto a floured surface. 4. See video for shaping method. 5. Once dough is shaped into about a 10" round, carefully flip onto the front of a floured pizza peel and 6. spread 200g of pizza sauce onto dough leaving about 1/2" of exposed dough around the edge. 7. Add mozz blend (175-200g total). Shimmy dough on peel to be sure it''s not stuck, then 8. carefully stretch pizza to increase the size to about a 12". 9. Add about 3tbsp of fresh mozzarella 10. and a pinch of salt. 11. Load onto well-preheated pizza stone using pizza peel. Let bake for about 6min at 550 degrees. ','\r',char(13)),'\n',char(10)),replace(replace('Recipe below makes two 12" pizzas \r\n','\r',char(13)),'\n',char(10)),'American');
INSERT INTO recipe_search_content VALUES(23,'Honeydew Mango Smoothie',replace(replace('Blend honeydew chunks and pitted mango.until consistent texture.\r\n\r\nAdd milk and honey, then blend again for about 15-20 seconds. \r\n\r\nAdd ice and blend for texture\r\n','\r',char(13)),'\n',char(10)),'You can sub in yogurt for milk','American');
INSERT INTO recipe_search_content VALUES(24,'Vegan Vanilla Cake',replace(replace('Preparation\r\nPreheat the oven to 350 degrees F place the rack in the middle of the oven.\r\nGrease 2 8-inch round cake pans with oil or vegan butter. Place a round of parchment paper on the bottom for easy removal later.\r\nCombine dry ingredients\r\nIn a separate medium sized bowl, whisk together the flour, baking powder and salt. Set aside.\r\n\r\nPrepare vegan buttermilk\r\nCombine the soy milk and apple cider vinegar in a glass measuring cup or small bowl. Stir briefly, then set aside to curdle. This is your buttermilk.\r\nWhip the aquafaba (or use yogurt instead)\r\nIn a small bowl, whisk together the aquafaba and cream of tartar vigorously until foamy, about 2 minutes. You don''t have to whip it into stiff peaks, just get it a bit fluffy and foamy. Set aside.\r\n\r\nFinish the cake batter\r\nCream fats and sugars: In a large bowl using an electric hand mixer (or a stand mixer with a paddle attachment), cream together the softened vegan butter, canola oil and sugar until creamy and well combined, about 3 minutes, scraping the sides as needed.\r\nAdd aquafaba and vanilla: Add the aquafaba mixture to the bowl with the creamed butter/oil/sugar, along with the vanilla extract. Mix until well combined, about 1 minute.\r\nAdd flour and buttermilk: Alternate adding the flour mixture and vegan buttermilk in 3 parts, mixing until just combined each time. The batter should be fairly smooth (a few lumps are okay), but do not over mix.\r\n\r\nBake, cool and frost\r\nPour the cake batter evenly into the prepared pans, and bake for 30-35 minutes, until the edges are golden brown, the surface looks and feels set, and a toothpick comes out mostly clean, with no wet batter. These cakes come out pretty flat, so there is no need to slice off the top like some other recipes.\r\nAllow the cakes to cool in the pans for 15 minutes, then carefully invert them onto a cooling rack. Allow them to cool completely before frosting.\r\nFrost with my Vegan Buttercream Frosting, Vegan Cream Cheese Frosting, Chocolate Frosting or even vegan whipped cream and berries. Add some sprinkles for fun, if desired. Enjoy!','\r',char(13)),'\n',char(10)),replace(replace('Use unsweetened soy milk\r\n\r\nCake flour will make the cake much lighter with a fine crumb, but all purpose works fine if you can’t find cake flour. Or make your own cake flour.\r\nGluten free? Try substituting a quality gluten free all purpose mix. I like Better Batter brand.\r\nSoy milk works best because of the protein and fat content, but you can use another milk if needed. Hemp, oat, cashew or almond all work quite well.\r\nIf you can find it, unsweetened high fat or protein yogurt works well in place of the aquafaba. \r\nFor cupcakes, bake for 20-25 minutes until done and fill liners half full.\r\nFor a 9×13 inch cake, bake for 40-50 minutes, until done. Two 9 inch round pans will work, but the cakes will be thinner. \r\n','\r',char(13)),'\n',char(10)),'Dessert');
CREATE TABLE IF NOT EXISTS 'recipe_search_docsize'(id INTEGER PRIMARY KEY, sz BLOB);
INSERT INTO recipe_search_docsize VALUES(2,X'01010101');
INSERT INTO recipe_search_docsize VALUES(3,X'01010101');
INSERT INTO recipe_search_docsize VALUES(4,X'0481451e01');
INSERT INTO recipe_search_docsize VALUES(6,X'021f0a01');
INSERT INTO recipe_search_docsize VALUES(7,X'03222201');
INSERT INTO recipe_search_docsize VALUES(12,X'0181302701');
INSERT INTO recipe_search_docsize VALUES(13,X'02822b0d01');
INSERT INTO recipe_search_docsize VALUES(15,X'0481423c01');
INSERT INTO recipe_search_docsize VALUES(16,X'01250401');
INSERT INTO recipe_search_docsize VALUES(17,X'0281071201');
INSERT INTO recipe_search_docsize VALUES(18,X'02250001');
INSERT INTO recipe_search_docsize VALUES(19,X'02815a0001');
INSERT INTO recipe_search_docsize VALUES(20,X'0284750001');
INSERT INTO recipe_search_docsize VALUES(21,X'01810e1801');
INSERT INTO recipe_search_docsize VALUES(22,X'0384430601');
INSERT INTO recipe_search_docsize VALUES(23,X'031b0701');
INSERT INTO recipe_search_docsize VALUES(24,X'03826d810801');
CREATE TABLE IF NOT EXISTS 'recipe_search_config'(k PRIMARY KEY, v) WITHOUT ROWID;
INSERT INTO recipe_search_config VALUES('version',4);
CREATE TABLE ingredients (id INTEGER PRIMARY KEY AUTOINCREMENT,name TEXT,category TEXT,quantity FLOAT,unit TEXT,perishable TEXT,last_updated TEXT);
INSERT INTO ingredients VALUES(2,'Apple','Fruit',3.0,'item','yes','2024-10-06 16:30:47.062875+00:00');
INSERT INTO ingredients VALUES(3,'Beef','Protein',1.0,'lb','yes','2024-09-26 03:07:52.461994+00:00');
INSERT INTO ingredients VALUES(4,'Potatoes','Vegetable',3.0,'','yes','2024-09-26 03:08:09.071742+00:00');
INSERT INTO ingredients VALUES(5,'Carrots','Vegetable',4.0,'','yes','2024-09-26 03:08:22.592955+00:00');
INSERT INTO ingredients VALUES(6,'Daikon','Vegetable',2.0,'','yes','2024-09-26 03:08:35.372452+00:00');
INSERT INTO ingredients VALUES(7,'Onions','Vegetable',2.0,'','yes','2024-09-26 03:08:55.515669+00:00');
INSERT INTO ingredients VALUES(8,'White Wine','Alcohol',1.0,'bottle','yes','2024-09-26 03:09:07.816992+00:00');
INSERT INTO ingredients VALUES(9,'Green Onions','Vegetable',5.0,'','yes','2024-09-26 03:09:33.900054+00:00');
INSERT INTO ingredients VALUES(10,'Chicken','Protein',2.0,'','yes','2024-09-26 03:23:48.730130+00:00');
INSERT INTO ingredients VALUES(11,'Wonton Wrappers','Other',1.0,'pack','yes','2024-10-06 16:30:24.981746+00:00');
INSERT INTO ingredients VALUES(12,'Pie Crust',NULL,NULL,NULL,NULL,NULL);
INSERT INTO ingredients VALUES(13,'Sugar',NULL,NULL,NULL,NULL,NULL);
INSERT INTO ingredients VALUES(14,'Apple Juice',NULL,NULL,NULL,NULL,NULL);
INSERT INTO ingredients VALUES(15,'Oranges','Fruit',4.0,'','yes','2024-10-06 16:30:07.355917+00:00');
INSERT INTO ingredients VALUES(16,'AP Flour',NULL,NULL,NULL,NULL,NULL);
INSERT INTO ingredients VALUES(17,'Baking Flour',NULL,NULL,NULL,NULL,NULL);
INSERT INTO ingredients VALUES(18,'Salt',NULL,NULL,NULL,NULL,NULL);
INSERT INTO ingredients VALUES(19,'Ground Cardamom',NULL,NULL,NULL,NULL,NULL);
INSERT INTO ingredients VALUES(20,'Eggs',NULL,NULL,NULL,NULL,NULL);
INSERT INTO ingredients VALUES(21,'Vanilla Extract',NULL,NULL,NULL,NULL,NULL);
INSERT INTO ingredients VALUES(22,'Granulated Sugar',NULL,NULL,NULL,NULL,NULL);
INSERT INTO ingredients VALUES(23,'Thai Tea Powder',NULL,NULL,NULL,NULL,NULL);
INSERT INTO ingredients VALUES(24,'Unsalted Butter',NULL,NULL,NULL,NULL,NULL);
INSERT INTO ingredients VALUES(25,'Powdered Sugar',NULL,NULL,NULL,NULL,NULL);
INSERT INTO ingredients VALUES(26,'',NULL,NULL,NULL,NULL,NULL);
INSERT INTO ingredients VALUES(28,'Canola Oil',NULL,NULL,NULL,NULL,NULL);
INSERT INTO ingredients VALUES(29,'Ground Flax Seeds',NULL,NULL,NULL,NULL,NULL);
INSERT INTO ingredients VALUES(30,'Non-Dairy Milk',NULL,NULL,NULL,NULL,NULL);
INSERT INTO ingredients VALUES(33,'Cocoa Powder',NULL,NULL,NULL,NULL,NULL);
INSERT INTO ingredients VALUES(34,'Baking Powder',NULL,NULL,NULL,NULL,NULL);
INSERT INTO ingredients VALUES(37,'Soybeans',NULL,NULL,NULL,NULL,NULL);
INSERT INTO ingredients VALUES(38,'Water',NULL,NULL,NULL,NULL,NULL);
INSERT INTO ingredients VALUES(40,'Chuck Roast',NULL,NULL,NULL,NULL,NULL);
INSERT INTO ingredients VALUES(41,'Beef Short Ribs',NULL,NULL,NULL,NULL,NULL);
INSERT INTO ingredients VALUES(42,'Oxtail',NULL,NULL,NULL,NULL,NULL);
INSERT INTO ingredients VALUES(43,'Ancho Chilies',NULL,NULL,NULL,NULL,NULL);
INSERT INTO ingredients VALUES(44,'Guajillo Chilies',NULL,NULL,NULL,NULL,NULL);
INSERT INTO ingredients VALUES(45,'Chilies de Arbol',NULL,NULL,NULL,NULL,NULL);
INSERT INTO ingredients VALUES(46,'Cinnamon Stick',NULL,NULL,NULL,NULL,NULL);
INSERT INTO ingredients VALUES(47,'Bay Leaves',NULL,NULL,NULL,NULL,NULL);
INSERT INTO ingredients VALUES(48,'Toasted Coriander',NULL,NULL,NULL,NULL,NULL);
INSERT INTO ingredients VALUES(49,'Toasted Black Peppercorns',NULL,NULL,NULL,NULL,NULL);
INSERT INTO ingredients VALUES(50,'Fresh Oregano',NULL,NULL,NULL,NULL,NULL);
INSERT INTO ingredients VALUES(51,'Tomato Paste',NULL,NULL,NULL,NULL,NULL);
INSERT INTO ingredients VALUES(52,'Yellow Onion',NULL,NULL,NULL,NULL,NULL);
INSERT INTO ingredients VALUES(53,'Garlic',NULL,NULL,NULL,NULL,NULL);
INSERT INTO ingredients VALUES(54,'Greek Yogurt',NULL,NULL,NULL,NULL,NULL);
INSERT INTO ingredients VALUES(55,'Chia Seeds',NULL,NULL,NULL,NULL,NULL);
INSERT INTO ingredients VALUES(56,'Oats',NULL,NULL,NULL,NULL,NULL);
INSERT INTO ingredients VALUES(57,'Milk',NULL,NULL,NULL,NULL,NULL);
INSERT INTO ingredients VALUES(58,'Yogurt',NULL,NULL,NULL,NULL,NULL);
INSERT INTO ingredients VALUES(59,'Banana',NULL,NULL,NULL,NULL,NULL);
INSERT INTO ingredients VALUES(60,'Spinach',NULL,NULL,NULL,NULL,NULL);
INSERT INTO ingredients VALUES(61,'Frozen Berries',NULL,NULL,NULL,NULL,NULL);
INSERT INTO ingredients VALUES(62,'Orange Juice',NULL,NULL,NULL,NULL,NULL);
INSERT INTO ingredients VALUES(63,'Cucumber',NULL,NULL,NULL,NULL,NULL);
INSERT INTO ingredients VALUES(64,'Mayonnaise',NULL,NULL,NULL,NULL,NULL);
INSERT INTO ingredients VALUES(65,'Fresh Dill',NULL,NULL,NULL,NULL,NULL);
INSERT INTO ingredients VALUES(66,'Lemon Juice',NULL,NULL,NULL,NULL,NULL);
INSERT INTO ingredients VALUES(67,'Chicken Thigh',NULL,NULL,NULL,NULL,NULL);
INSERT INTO ingredients VALUES(68,'Canned Chipotle Peppers',NULL,NULL,NULL,NULL,NULL);
INSERT INTO ingredients VALUES(69,'Fire-Roasted Tomatoes',NULL,NULL,NULL,NULL,NULL);
INSERT INTO ingredients VALUES(71,'Onion',NULL,NULL,NULL,NULL,NULL);
INSERT INTO ingredients VALUES(72,'Kosher Salt',NULL,NULL,NULL,NULL,NULL);
INSERT INTO ingredients VALUES(73,'Black Pepper',NULL,NULL,NULL,NULL,NULL);
INSERT INTO ingredients VALUES(74,'Cumin',NULL,NULL,NULL,NULL,NULL);
INSERT INTO ingredients VALUES(75,'Oregano',NULL,NULL,NULL,NULL,NULL);
INSERT INTO ingredients VALUES(76,'Oil',NULL,NULL,NULL,NULL,NULL);
INSERT INTO ingredients VALUES(77,'Brown Rice',NULL,NULL,NULL,NULL,NULL);
INSERT INTO ingredients VALUES(78,'Garlic Powder',NULL,NULL,NULL,NULL,NULL);
INSERT INTO ingredients VALUES(79,'Onion Powder',NULL,NULL,NULL,NULL,NULL);
INSERT INTO ingredients VALUES(80,'Chicken Boullion',NULL,NULL,NULL,NULL,NULL);
INSERT INTO ingredients VALUES(81,'Tomato Sauce',NULL,NULL,NULL,NULL,NULL);
INSERT INTO ingredients VALUES(82,'Chicken Broth',NULL,NULL,NULL,NULL,NULL);
INSERT INTO ingredients VALUES(83,'Whole Milk',NULL,NULL,NULL,NULL,NULL);
INSERT INTO ingredients VALUES(84,'Olive Oil',NULL,NULL,NULL,NULL,NULL);
INSERT INTO ingredients VALUES(85,'Yeast',NULL,NULL,NULL,NULL,NULL);
INSERT INTO ingredients VALUES(86,'Bread Flour',NULL,NULL,NULL,NULL,NULL);
INSERT INTO ingredients VALUES(87,'Sea Salt',NULL,NULL,NULL,NULL,NULL);
INSERT INTO ingredients VALUES(88,'Thyme Leaves',NULL,NULL,NULL,NULL,NULL);
INSERT INTO ingredients VALUES(89,'Tare',NULL,NULL,NULL,NULL,NULL);
INSERT INTO ingredients VALUES(90,'Pork Broth',NULL,NULL,NULL,NULL,NULL);
INSERT INTO ingredients VALUES(91,'Ramen Noodles',NULL,NULL,NULL,NULL,NULL);
INSERT INTO ingredients VALUES(93,'Green Onions',NULL,NULL,NULL,NULL,NULL);
INSERT INTO ingredients VALUES(94,'Aroma Oil',NULL,NULL,NULL,NULL,NULL);
INSERT INTO ingredients VALUES(95,'Garbanzo Beans',NULL,NULL,NULL,NULL,NULL);
INSERT INTO ingredients VALUES(96,'Baking Soda',NULL,NULL,NULL,NULL,NULL);
INSERT INTO ingredients VALUES(97,'Tahini',NULL,NULL,NULL,NULL,NULL);
INSERT INTO ingredients VALUES(98,'Critic Acid',NULL,NULL,NULL,NULL,NULL);
INSERT INTO ingredients VALUES(99,'Ice Cubes',NULL,NULL,NULL,NULL,NULL);
INSERT INTO ingredients VALUES(100,'Honeydew Melon',NULL,NULL,NULL,NULL,NULL);
INSERT INTO ingredients VALUES(101,'Mangoes',NULL,NULL,NULL,NULL,NULL);
INSERT INTO ingredients VALUES(102,'Ice',NULL,NULL,NULL,NULL,NULL);
INSERT INTO ingredients VALUES(103,'Honey',NULL,NULL,NULL,NULL,NULL);
INSERT INTO ingredients VALUES(104,'Cake Flour',NULL,NULL,NULL,NULL,NULL);
INSERT INTO ingredients VALUES(105,'Soy Milk',NULL,NULL,NULL,NULL,NULL);
INSERT INTO ingredients VALUES(106,'Apple Cider Vinegar',NULL,NULL,NULL,NULL,NULL);
INSERT INTO ingredients VALUES(107,'Aquafaba',NULL,NULL,NULL,NULL,NULL);
INSERT INTO ingredients VALUES(108,'Cream of Tartar',NULL,NULL,NULL,NULL,NULL);
INSERT INTO ingredients VALUES(109,'Vegan Butter',NULL,NULL,NULL,NULL,NULL);
DELETE FROM sqlite_sequence;
INSERT INTO sqlite_sequence VALUES('items',15);
INSERT INTO sqlite_sequence VALUES('locations',1);
INSERT INTO sqlite_sequence VALUES('recipes',25);
INSERT INTO sqlite_sequence VALUES('ingredients',110);
PRAGMA writable_schema=OFF;
COMMIT;
